date,code,broker,opinion,target
2026-04-10,000270,DS투자증권,buy,210000
2026-04-10,000270,LS증권,buy,190000
2026-04-10,000270,SK증권,투자의견없음,
2026-04-10,000270,iM증권,buy,240000
2026-04-10,000270,교보증권,,
2026-04-10,000270,대신증권,buy,240000
2026-04-10,000270,메리츠증권,buy,220000
2026-04-10,000270,신한투자증권,buy,220000
2026-04-10,000270,하나증권,buy,210000
2026-04-10,000270,한화투자증권,buy,245000
2026-04-10,001430,키움증권,buy,77000
2026-04-10,005670,한국IR협의회,,
2026-04-10,006110,SK증권,,
2026-04-10,006360,LS증권,buy,51000
2026-04-10,006360,미래에셋증권,buy,49000
2026-04-10,009150,메리츠증권,buy,700000
2026-04-10,012330,신한투자증권,buy,570000
2026-04-10,017670,SK증권,buy,110000
2026-04-10,032640,유진투자증권,buy,19000
2026-04-10,032640,하나증권,buy,20000
2026-04-10,033780,신한투자증권,buy,200000
2026-04-10,053690,한화투자증권,buy,46000
2026-04-10,066130,한국IR협의회,,
2026-04-10,068270,유진투자증권,buy,280000
2026-04-10,090460,유진투자증권,buy,27000
2026-04-10,099320,한국IR협의회,,
2026-04-10,139130,유안타증권,buy,26000
2026-04-10,189300,한국IR협의회,,
2026-04-10,192820,SK증권,buy,240000
2026-04-10,195940,DS투자증권,buy,61000
2026-04-10,195940,iM증권,buy,70000
2026-04-10,195940,키움증권,buy,66000
2026-04-10,210120,서울평가정보,,
2026-04-10,251270,SK증권,buy,79000
2026-04-10,252990,한국IR협의회,,
2026-04-10,278470,신한투자증권,buy,500000
2026-04-10,290690,서울평가정보,,
2026-04-10,298040,LS증권,buy,4100000
2026-04-10,298040,SK증권,buy,3600000
2026-04-10,312610,서울평가정보,,
2026-04-10,328130,한국IR협의회,,
2026-04-10,331740,SK증권,,
2026-04-10,352820,한화투자증권,buy,380000
2026-04-10,375500,LS증권,buy,128000
2026-04-10,375500,미래에셋증권,buy,128000
2026-04-10,377330,서울평가정보,,
2026-04-10,383220,SK증권,buy,90000
2026-04-10,389650,LS증권,buy,83000
2026-04-10,484870,한화투자증권,,
2026-04-13,000150,유진투자증권,buy,1860000
2026-04-13,000270,유진투자증권,buy,170000
2026-04-13,000720,LS증권,buy,210000
2026-04-13,001430,하나증권,buy,89000
2026-04-13,003230,교보증권,buy,1860000
2026-04-13,005300,교보증권,buy,155000
2026-04-13,005380,유진투자증권,buy,600000
2026-04-13,009450,신한투자증권,buy,89000
2026-04-13,009540,상상인증권,buy,600000
2026-04-13,010120,LS증권,buy,228000
2026-04-13,010130,메리츠증권,,
2026-04-13,012330,유진투자증권,buy,560000
2026-04-13,012330,한화투자증권,buy,590000
2026-04-13,014680,키움증권,buy,350000
2026-04-13,017670,대신증권,buy,110000
2026-04-13,017670,메리츠증권,buy,98000
2026-04-13,017670,유진투자증권,hold,85000
2026-04-13,021240,한화투자증권,buy,150000
2026-04-13,028050,LS증권,buy,65000
2026-04-13,028670,미래에셋증권,buy,7400
2026-04-13,030000,메리츠증권,buy,26000
2026-04-13,030200,대신증권,buy,74000
2026-04-13,030200,하나증권,buy,76000
2026-04-13,033780,메리츠증권,투자의견없음,
2026-04-13,033780,하나증권,buy,180000
2026-04-13,035900,유진투자증권,buy,88000
2026-04-13,036570,DS투자증권,buy,340000
2026-04-13,039490,SK증권,buy,593000
2026-04-13,041510,유진투자증권,buy,130000
2026-04-13,041510,한화투자증권,buy,120000
2026-04-13,042660,메리츠증권,buy,155000
2026-04-13,042660,상상인증권,buy,170000
2026-04-13,043650,한국IR협의회,,
2026-04-13,047810,하나증권,buy,230000
2026-04-13,051500,메리츠증권,투자의견없음,
2026-04-13,064350,키움증권,buy,340000
2026-04-13,071050,SK증권,buy,399000
2026-04-13,078340,키움증권,buy,40000
2026-04-13,083450,iM증권,,
2026-04-13,094360,한국IR협의회,,
2026-04-13,099190,한국IR협의회,,
2026-04-13,100130,한국IR협의회,,
2026-04-13,101360,한국IR협의회,,
2026-04-13,104830,한국IR협의회,,
2026-04-13,105630,대신증권,buy,14000
2026-04-13,111770,대신증권,buy,140000
2026-04-13,122870,유진투자증권,buy,78000
2026-04-13,122870,한화투자증권,buy,70000
2026-04-13,123410,한국IR협의회,,
2026-04-13,128940,DS투자증권,buy,680000
2026-04-13,128940,키움증권,buy,560000
2026-04-13,128940,하나증권,buy,640000
2026-04-13,138080,iM증권,,
2026-04-13,138930,유안타증권,buy,27000
2026-04-13,140860,한국IR협의회,,
2026-04-13,173940,한국IR협의회,,
2026-04-13,175330,미래에셋증권,hold,35000
2026-04-13,195870,메리츠증권,buy,75000
2026-04-13,214320,메리츠증권,buy,25000
2026-04-13,241560,키움증권,buy,96000
2026-04-13,241590,대신증권,buy,6400
2026-04-13,267260,대신증권,buy,1220000
2026-04-13,267270,iM증권,,
2026-04-13,267270,키움증권,buy,210000
2026-04-13,278280,미래에셋증권,buy,79000
2026-04-13,278470,KB증권,buy,480000
2026-04-13,278470,한화투자증권,buy,450000
2026-04-13,289220,한국IR협의회,,
2026-04-13,298040,대신증권,buy,4000000
2026-04-13,307950,한화투자증권,buy,470000
2026-04-13,321550,유진투자증권,,
2026-04-13,352820,유진투자증권,buy,380000
2026-04-13,354320,메리츠증권,buy,120000
2026-04-13,356860,메리츠증권,buy,85000
2026-04-13,393890,교보증권,buy,24000
2026-04-13,450330,한국IR협의회,,
2026-04-13,457550,한국IR협의회,,
2026-04-13,460860,하나증권,buy,14000
2026-04-14,000270,LS증권,buy,190000
2026-04-14,000660,KB증권,buy,1900000
2026-04-14,000720,KB증권,positive,
2026-04-14,000720,신한투자증권,buy,220000
2026-04-14,001440,유안타증권,buy,39000
2026-04-14,003490,KB증권,buy,36000
2026-04-14,003490,iM증권,buy,34000
2026-04-14,003490,미래에셋증권,buy,31000
2026-04-14,003490,상상인증권,buy,32000
2026-04-14,003490,신한투자증권,buy,28000
2026-04-14,003490,유안타증권,buy,32000
2026-04-14,003490,하나증권,buy,32000
2026-04-14,003490,한화투자증권,buy,32000
2026-04-14,005380,키움증권,buy,650000
2026-04-14,005940,SK증권,buy,42000
2026-04-14,006360,신한투자증권,buy,48000
2026-04-14,006800,SK증권,hold,
2026-04-14,010060,교보증권,buy,260000
2026-04-14,010120,KB증권,buy,240000
2026-04-14,010120,유안타증권,buy,260000
2026-04-14,010140,상상인증권,buy,39000
2026-04-14,028050,KB증권,buy,67000
2026-04-14,030200,유진투자증권,buy,73000
2026-04-14,031430,한국IR협의회,,
2026-04-14,034020,미래에셋증권,buy,120000
2026-04-14,034220,신한투자증권,buy,18000
2026-04-14,035420,DS투자증권,buy,300000
2026-04-14,035420,신한투자증권,buy,240000
2026-04-14,035720,DS투자증권,buy,65000
2026-04-14,035720,신한투자증권,buy,75000
2026-04-14,036200,SK증권,buy,15000
2026-04-14,037710,한국IR협의회,,
2026-04-14,039200,유진투자증권,buy,75000
2026-04-14,042660,SK증권,buy,175000
2026-04-14,060560,한국IR협의회,,
2026-04-14,062040,유안타증권,buy,239000
2026-04-14,064550,한국IR협의회,,
2026-04-14,086280,신한투자증권,buy,320000
2026-04-14,092460,한국IR협의회,,
2026-04-14,100590,SK증권,,
2026-04-14,103590,유안타증권,buy,110000
2026-04-14,115440,하나증권,buy,25000
2026-04-14,128940,iM증권,buy,600000
2026-04-14,136480,한국IR협의회,,
2026-04-14,145020,대신증권,buy,400000
2026-04-14,161890,SK증권,buy,106000
2026-04-14,178920,메리츠증권,buy,27000
2026-04-14,185750,키움증권,buy,110000
2026-04-14,214150,유안타증권,buy,74000
2026-04-14,214450,신한투자증권,buy,430000
2026-04-14,234690,한국IR협의회,,
2026-04-14,267260,LS증권,buy,1280000
2026-04-14,267260,유안타증권,buy,1320000
2026-04-14,278470,SK증권,buy,510000
2026-04-14,294870,한화투자증권,buy,32000
2026-04-14,298020,신한투자증권,buy,600000
2026-04-14,298040,유안타증권,buy,4200000
2026-04-14,356860,교보증권,buy,95000
2026-04-14,375500,신한투자증권,buy,120000
2026-04-14,382800,키움증권,,
2026-04-14,389470,하나증권,,
2026-04-14,419530,유안타증권,,
2026-04-14,443060,SK증권,buy,270000
2026-04-14,461030,한국IR협의회,,
2026-04-14,474170,한국IR협의회,,
2026-04-15,000100,iM증권,buy,150000
2026-04-15,000660,IBK투자증권,buy,1800000
2026-04-15,000720,iM증권,buy,210000
2026-04-15,000880,대신증권,buy,163000
2026-04-15,000880,키움증권,,
2026-04-15,000880,한화투자증권,buy,170000
2026-04-15,000990,DS투자증권,buy,112000
2026-04-15,003230,메리츠증권,투자의견없음,
2026-04-15,004170,IBK투자증권,buy,410000
2026-04-15,004370,메리츠증권,투자의견없음,
2026-04-15,005300,LS증권,buy,160000
2026-04-15,005380,DS투자증권,buy,740000
2026-04-15,005930,KB증권,buy,360000
2026-04-15,005930,LS증권,buy,270000
2026-04-15,010060,키움증권,,
2026-04-15,015760,하나증권,buy,55000
2026-04-15,018260,한화투자증권,buy,210000
2026-04-15,018260,한화투자증권,투자의견없음,
2026-04-15,023160,신한투자증권,buy,57000
2026-04-15,028050,iM증권,buy,67000
2026-04-15,032500,하나증권,buy,50000
2026-04-15,032830,한화투자증권,hold,250000
2026-04-15,035250,키움증권,buy,22000
2026-04-15,041510,iM증권,buy,140000
2026-04-15,044490,키움증권,,
2026-04-15,052330,한국IR협의회,,
2026-04-15,064290,iM증권,,
2026-04-15,064850,유진투자증권,,
2026-04-15,071970,메리츠증권,,
2026-04-15,082740,메리츠증권,buy,60000
2026-04-15,088350,한화투자증권,buy,5800
2026-04-15,088390,한국IR협의회,,
2026-04-15,098460,한국IR협의회,,
2026-04-15,103140,하나증권,buy,160000
2026-04-15,103140,한화투자증권,buy,147000
2026-04-15,105560,하나증권,buy,200000
2026-04-15,122870,iM증권,buy,85000
2026-04-15,150900,한국IR협의회,,
2026-04-15,181710,신한투자증권,buy,45000
2026-04-15,195940,SK증권,buy,65000
2026-04-15,206560,한국IR협의회,,
2026-04-15,214150,신한투자증권,buy,87000
2026-04-15,218150,한국IR협의회,,
2026-04-15,218410,한국IR협의회,,
2026-04-15,229640,IBK투자증권,buy,65000
2026-04-15,229640,LS증권,buy,60000
2026-04-15,265520,한국IR협의회,,
2026-04-15,271560,신한투자증권,buy,160000
2026-04-15,271560,한화투자증권,buy,180000
2026-04-15,282330,메리츠증권,투자의견없음,
2026-04-15,290740,유진투자증권,,
2026-04-15,352910,한국IR협의회,,
2026-04-15,353200,SK증권,buy,120000
2026-04-15,357580,유안타증권,,
2026-04-15,375500,iM증권,buy,145000
2026-04-15,375500,키움증권,buy,142000
2026-04-15,448710,유안타증권,,
2026-04-15,456010,하나증권,buy,28000
2026-04-15,482630,대신증권,buy,24000
2026-04-16,000120,신한투자증권,buy,145000
2026-04-16,000150,DS투자증권,buy,2000000
2026-04-16,000270,iM증권,buy,24000
2026-04-16,000880,KB증권,buy,150000
2026-04-16,001430,한화투자증권,buy,89000
2026-04-16,003230,유안타증권,buy,2000000
2026-04-16,003490,LS증권,buy,31000
2026-04-16,003530,한화투자증권,buy,50000
2026-04-16,003670,삼성증권,buy,271000
2026-04-16,004000,삼성증권,buy,65000
2026-04-16,004020,한화투자증권,buy,50000
2026-04-16,004170,미래에셋증권,buy,450000
2026-04-16,005380,LS증권,buy,630000
2026-04-16,005380,iM증권,buy,650000
2026-04-16,005690,DS투자증권,buy,25000
2026-04-16,005990,한국IR협의회,,
2026-04-16,008770,미래에셋증권,buy,60000
2026-04-16,009540,한국투자증권,,
2026-04-16,009900,한국투자증권,,
2026-04-16,010950,삼성증권,buy,150000
2026-04-16,011210,대신증권,buy,105000
2026-04-16,012330,iM증권,buy,580000
2026-04-16,012450,하나증권,buy,1750000
2026-04-16,014790,한화투자증권,buy,5500
2026-04-16,015760,LS증권,buy,70000
2026-04-16,020000,iM증권,buy,32000
2026-04-16,023530,미래에셋증권,buy,140000
2026-04-16,025540,하나증권,,
2026-04-16,028670,상상인증권,buy,7100
2026-04-16,030200,메리츠증권,buy,73000
2026-04-16,032640,메리츠증권,hold,18000
2026-04-16,035760,삼성증권,buy,80000
2026-04-16,036570,SK증권,buy,360000
2026-04-16,036620,삼성증권,buy,7000
2026-04-16,042660,유안타증권,buy,179000
2026-04-16,064350,삼성증권,buy,292000
2026-04-16,068270,신한투자증권,buy,290000
2026-04-16,079550,KB증권,buy,1100000
2026-04-16,081660,삼성증권,buy,54000
2026-04-16,082800,한국IR협의회,,
2026-04-16,089970,하나증권,buy,84000
2026-04-16,090460,SK증권,buy,45000
2026-04-16,133750,한국IR협의회,,
2026-04-16,170790,미래에셋증권,,
2026-04-16,204320,iM증권,buy,80000
2026-04-16,204320,키움증권,hold,55000
2026-04-16,253450,삼성증권,buy,51000
2026-04-16,259960,미래에셋증권,buy,390000
2026-04-16,267980,한국IR협의회,,
2026-04-16,272290,한국IR협의회,,
2026-04-16,278470,미래에셋증권,buy,480000
2026-04-16,290550,DS투자증권,buy,34000
2026-04-16,317330,SK증권,,
2026-04-16,326030,하나증권,buy,150000
2026-04-16,340570,LS증권,buy,90000
2026-04-16,352820,삼성증권,buy,380000
2026-04-16,357580,한국IR협의회,,
2026-04-16,383220,삼성증권,buy,85000
2026-04-16,398120,한국IR협의회,,
2026-04-16,443060,메리츠증권,buy,240000
2026-04-16,446840,유진투자증권,,
2026-04-16,476080,한국IR협의회,,
2026-04-16,481070,미래에셋증권,,
2026-04-17,001430,iM증권,hold,72000
2026-04-17,003310,한국IR협의회,,
2026-04-17,004020,iM증권,buy,46000
2026-04-17,005070,상상인증권,buy,70000
2026-04-17,005380,KB증권,buy,800000
2026-04-17,005490,iM증권,buy,450000
2026-04-17,005690,메리츠증권,,
2026-04-17,005930,KB증권,,
2026-04-17,006280,iM증권,buy,220000
2026-04-17,009150,하나증권,buy,810000
2026-04-17,009540,키움증권,buy,600000
2026-04-17,010120,SK증권,buy,220000
2026-04-17,010130,iM증권,buy,1950000
2026-04-17,010140,키움증권,buy,39000
2026-04-17,010950,한화투자증권,buy,150000
2026-04-17,013310,한국IR협의회,,
2026-04-17,014830,상상인증권,buy,117000
2026-04-17,017670,하나증권,buy,140000
2026-04-17,018620,NICE평가정보,,
2026-04-17,025540,LS증권,buy,110000
2026-04-17,036010,한국IR협의회,,
2026-04-17,042660,대신증권,buy,164000
2026-04-17,042660,키움증권,buy,179000
2026-04-17,043360,NICE평가정보,,
2026-04-17,047050,유안타증권,buy,97000
2026-04-17,050890,하나증권,buy,30000
2026-04-17,052260,한국IR협의회,,
2026-04-17,062040,SK증권,buy,250000
2026-04-17,067370,NICE평가정보,,
2026-04-17,082920,신한투자증권,buy,65000
2026-04-17,084010,iM증권,hold,13000
2026-04-17,088340,한국IR협의회,,
2026-04-17,103140,iM증권,hold,112000
2026-04-17,108380,LS증권,buy,40000
2026-04-17,138930,상상인증권,buy,25000
2026-04-17,173130,한국IR협의회,,
2026-04-17,192080,SK증권,buy,62000
2026-04-17,204840,서울평가정보,,
2026-04-17,214450,키움증권,buy,410000
2026-04-17,226340,서울평가정보,,
2026-04-17,263720,한국IR협의회,,
2026-04-17,285490,서울평가정보,,
2026-04-17,294870,키움증권,buy,34000
2026-04-17,298040,유진투자증권,buy,4000000
2026-04-17,317400,한화투자증권,buy,6800
2026-04-17,329180,키움증권,buy,810000
2026-04-17,347850,DS투자증권,,
2026-04-17,368770,한국IR협의회,,
2026-04-17,456010,하나증권,buy,40000
2026-04-17,462980,키움증권,,
2026-04-17,475400,한국IR협의회,,
2026-04-17,483650,KB증권,buy,230000
2026-04-20,000100,키움증권,buy,120000
2026-04-20,000120,상상인증권,buy,150000
2026-04-20,000660,KB증권,,
2026-04-20,000660,메리츠증권,buy,1700000
2026-04-20,000720,키움증권,buy,214000
2026-04-20,003230,LS증권,buy,1750000
2026-04-20,004020,메리츠증권,buy,43000
2026-04-20,005490,SK증권,buy,470000
2026-04-20,006280,상상인증권,buy,220000
2026-04-20,006280,키움증권,buy,180000
2026-04-20,006400,신한투자증권,buy,580000
2026-04-20,009420,유진투자증권,buy,100000
2026-04-20,009830,유진투자증권,,
2026-04-20,010140,DS투자증권,buy,42000
2026-04-20,010140,유안타증권,buy,36000
2026-04-20,011070,메리츠증권,buy,430000
2026-04-20,011760,신한투자증권,buy,35000
2026-04-20,012330,KB증권,buy,750000
2026-04-20,017670,유안타증권,buy,118000
2026-04-20,020000,대신증권,buy,35000
2026-04-20,020000,한화투자증권,buy,33000
2026-04-20,025770,한국IR협의회,,
2026-04-20,028670,하나증권,buy,6400
2026-04-20,036200,한국IR협의회,,
2026-04-20,039840,iM증권,,
2026-04-20,042660,대신증권,buy,164000
2026-04-20,043610,한국IR협의회,,
2026-04-20,044490,iM증권,,
2026-04-20,052690,KB증권,positive,
2026-04-20,079960,한국IR협의회,,
2026-04-20,085910,메리츠증권,,
2026-04-20,086280,KB증권,buy,360000
2026-04-20,090460,대신증권,buy,43000
2026-04-20,103140,메리츠증권,,
2026-04-20,131290,LS증권,buy,200000
2026-04-20,139480,IBK투자증권,buy,120000
2026-04-20,170920,한국IR협의회,,
2026-04-20,200670,한국IR협의회,,
2026-04-20,204320,한화투자증권,buy,83000
2026-04-20,214320,대신증권,buy,27000
2026-04-20,259960,교보증권,buy,346000
2026-04-20,310210,유안타증권,buy,450000
2026-04-20,329180,유안타증권,buy,781000
2026-04-20,365340,한국IR협의회,,
2026-04-20,475960,한국IR협의회,,
2026-04-20,489790,키움증권,buy,120000
2026-04-20,499790,키움증권,buy,67000
2026-04-21,000120,미래에셋증권,buy,160000
2026-04-21,000120,유안타증권,buy,150000
2026-04-21,000270,KB증권,buy,300000
2026-04-21,000370,iM증권,buy,8000
2026-04-21,000810,iM증권,buy,580000
2026-04-21,001450,iM증권,buy,37000
2026-04-21,005830,iM증권,buy,220000
2026-04-21,005930,KB증권,,
2026-04-21,005930,신한투자증권,buy,300000
2026-04-21,006260,대신증권,buy,460000
2026-04-21,007340,키움증권,buy,50000
2026-04-21,009900,대신증권,buy,13000
2026-04-21,010120,KB증권,,240000
2026-04-21,010130,신한투자증권,buy,1900000
2026-04-21,011200,하나증권,hold,21000
2026-04-21,015760,한화투자증권,buy,64000
2026-04-21,018880,LS증권,hold,4100
2026-04-21,020000,대신증권,buy,35000
2026-04-21,031430,대신증권,buy,20000
2026-04-21,033780,유안타증권,buy,210000
2026-04-21,035760,메리츠증권,buy,98000
2026-04-21,036570,교보증권,buy,340000
2026-04-21,039840,대신증권,,
2026-04-21,051500,DS투자증권,buy,50000
2026-04-21,053210,메리츠증권,hold,5300
2026-04-21,053610,LS증권,,
2026-04-21,063570,LS증권,buy,7000
2026-04-21,064400,SK증권,buy,91000
2026-04-21,066970,신한투자증권,buy,240000
2026-04-21,073490,하나증권,buy,80000
2026-04-21,081180,대신증권,,
2026-04-21,088350,iM증권,buy,5900
2026-04-21,095660,키움증권,buy,30000
2026-04-21,105560,iM증권,buy,190000
2026-04-21,138040,iM증권,buy,147000
2026-04-21,138930,iM증권,buy,23000
2026-04-21,139130,iM증권,buy,23000
2026-04-21,161390,LS증권,buy,93000
2026-04-21,171090,DS투자증권,buy,167000
2026-04-21,175330,iM증권,buy,39000
2026-04-21,178320,유진투자증권,buy,70000
2026-04-21,208140,한국IR협의회,,
2026-04-21,214320,한화투자증권,buy,25000
2026-04-21,253450,메리츠증권,buy,65000
2026-04-21,271560,KB증권,buy,150000
2026-04-21,277410,한국IR협의회,,
2026-04-21,311390,한국IR협의회,,
2026-04-21,336370,유진투자증권,buy,16000
2026-04-21,348210,SK증권,,
2026-04-21,352820,IBK투자증권,buy,400000
2026-04-21,352820,메리츠증권,buy,390000
2026-04-21,373170,한국IR협의회,,
2026-04-21,419530,신한투자증권,,
2026-04-21,439260,메리츠증권,,
2026-04-21,456010,하나증권,buy,40000
2026-04-21,462350,KB증권,,
2026-04-21,462870,SK증권,buy,42000
2026-04-21,466100,한국IR협의회,,
2026-04-21,476830,교보증권,,
2026-04-21,476830,신한투자증권,,
2026-04-21,476830,하나증권,,
2026-04-21,484590,신한투자증권,,
2026-04-22,000120,하나증권,buy,165000
2026-04-22,000660,KB증권,,
2026-04-22,005090,DS투자증권,buy,83000
2026-04-22,005090,하나증권,buy,76000
2026-04-22,006650,신한투자증권,buy,200000
2026-04-22,006730,SK증권,buy,20000
2026-04-22,008770,SK증권,,
2026-04-22,009150,대신증권,buy,920000
2026-04-22,009830,교보증권,,
2026-04-22,009830,유진투자증권,buy,50000
2026-04-22,010120,KB증권,buy,260000
2026-04-22,010120,LS증권,buy,260000
2026-04-22,010120,SK증권,buy,240000
2026-04-22,010120,SK증권,,
2026-04-22,010120,교보증권,buy,240000
2026-04-22,010120,대신증권,buy,217000
2026-04-22,010120,신한투자증권,buy,210000
2026-04-22,010120,유안타증권,buy,260000
2026-04-22,010120,유진투자증권,buy,200000
2026-04-22,010120,하나증권,buy,220000
2026-04-22,011070,SK증권,buy,600000
2026-04-22,014680,상상인증권,buy,360000
2026-04-22,014830,KB증권,buy,115000
2026-04-22,018880,유진투자증권,buy,5250
2026-04-22,020150,유진투자증권,buy,65000
2026-04-22,032350,SK증권,buy,31000
2026-04-22,033780,LS증권,buy,210000
2026-04-22,034230,SK증권,buy,25000
2026-04-22,035900,SK증권,buy,92000
2026-04-22,036620,SK증권,buy,8100
2026-04-22,039130,SK증권,buy,82000
2026-04-22,041510,SK증권,buy,134000
2026-04-22,051910,한화투자증권,buy,470000
2026-04-22,053620,한국IR협의회,,
2026-04-22,069960,IBK투자증권,buy,130000
2026-04-22,071050,대신증권,buy,335000
2026-04-22,075130,한국IR협의회,,
2026-04-22,090460,교보증권,buy,42000
2026-04-22,093190,한국IR협의회,,
2026-04-22,122870,SK증권,buy,82000
2026-04-22,139480,SK증권,,
2026-04-22,160190,한국IR협의회,,
2026-04-22,170900,키움증권,buy,60000
2026-04-22,177900,한국IR협의회,,
2026-04-22,204320,KB증권,buy,82000
2026-04-22,219130,메리츠증권,,
2026-04-22,222800,교보증권,buy,100000
2026-04-22,237690,키움증권,buy,190000
2026-04-22,242040,한국IR협의회,,
2026-04-22,271560,LS증권,buy,170000
2026-04-22,271560,교보증권,buy,190000
2026-04-22,271560,하나증권,buy,200000
2026-04-22,294870,신한투자증권,buy,32000
2026-04-22,295310,한국IR협의회,,
2026-04-22,322310,한국IR협의회,,
2026-04-22,347890,한국IR협의회,,
2026-04-22,394280,유안타증권,buy,28000
2026-04-22,403870,대신증권,buy,58000
2026-04-22,481070,SK증권,,
2026-04-22,499790,SK증권,,
2026-04-23,000660,KB증권,,1900000
2026-04-23,000660,SK증권,buy,2000000
2026-04-23,005380,KB증권,buy,800000
2026-04-23,005880,상상인증권,hold,2800
2026-04-23,005930,KB증권,buy,360000
2026-04-23,005940,KB증권,buy,43000
2026-04-23,009830,한화투자증권,,
2026-04-23,009830,한화투자증권,투자의견없음,
2026-04-23,014830,iM증권,buy,110000
2026-04-23,014830,신한투자증권,buy,110000
2026-04-23,014830,하나증권,buy,110000
2026-04-23,018260,KB증권,buy,230000
2026-04-23,018260,KB증권,,230000
2026-04-23,025880,한국IR협의회,,
2026-04-23,028050,KB증권,,67000
2026-04-23,030200,IBK투자증권,buy,75000
2026-04-23,032640,IBK투자증권,buy,20000
2026-04-23,033230,한국IR협의회,,
2026-04-23,036460,LS증권,buy,47000
2026-04-23,055550,KB증권,buy,133000
2026-04-23,055550,KB증권,,122000
2026-04-23,059210,유진투자증권,,
2026-04-23,086280,KB증권,buy,360000
2026-04-23,089590,한국투자증권,,
2026-04-23,093370,유진투자증권,buy,20000
2026-04-23,095270,신한투자증권,,
2026-04-23,104830,신한투자증권,buy,70000
2026-04-23,125210,SK증권,buy,24000
2026-04-23,171090,신한투자증권,buy,169000
2026-04-23,207940,DS투자증권,buy,2100000
2026-04-23,207940,IBK투자증권,buy,2090000
2026-04-23,207940,iM증권,buy,2200000
2026-04-23,207940,상상인증권,buy,2300000
2026-04-23,207940,신한투자증권,buy,1900000
2026-04-23,207940,키움증권,,
2026-04-23,207940,하나증권,buy,2050000
2026-04-23,232140,신한투자증권,buy,24000
2026-04-23,329180,한국투자증권,,
2026-04-23,336370,SK증권,buy,20000
2026-04-23,443060,유안타증권,buy,270000
2026-04-23,454910,미래에셋증권,,
2026-04-23,456040,LS증권,,
2026-04-23,458870,유진투자증권,buy,80000
2026-04-24,000150,대신증권,buy,1920000
2026-04-24,000210,IBK투자증권,buy,81000
2026-04-24,000270,KB증권,buy,300000
2026-04-24,000660,DS투자증권,buy,1600000
2026-04-24,000660,IBK투자증권,buy,1800000
2026-04-24,000660,KB증권,buy,2000000
2026-04-24,000660,iM증권,buy,1500000
2026-04-24,000660,교보증권,buy,1900000
2026-04-24,000660,대신증권,buy,1700000
2026-04-24,000660,미래에셋증권,buy,1660000
2026-04-24,000660,신한투자증권,buy,1900000
2026-04-24,000660,유안타증권,buy,1900000
2026-04-24,000660,키움증권,,
2026-04-24,000660,하나증권,buy,1750000
2026-04-24,000660,한화투자증권,buy,1630000
2026-04-24,002350,LS증권,buy,9400
2026-04-24,003160,신한투자증권,buy,45000
2026-04-24,004000,신한투자증권,buy,100000
2026-04-24,004020,KB증권,buy,50000
2026-04-24,005090,SK증권,buy,86000
2026-04-24,005380,DS투자증권,buy,740000
2026-04-24,005380,KB증권,,
2026-04-24,005380,LS증권,buy,660000
2026-04-24,005380,iM증권,buy,650000
2026-04-24,005380,교보증권,buy,800000
2026-04-24,005380,대신증권,buy,660000
2026-04-24,005380,미래에셋증권,buy,640000
2026-04-24,005380,유진투자증권,buy,1000000
2026-04-24,005380,키움증권,buy,650000
2026-04-24,005380,하나증권,buy,660000
2026-04-24,005380,한화투자증권,buy,660000
2026-04-24,005940,SK증권,buy,44000
2026-04-24,005940,iM증권,buy,41000
2026-04-24,005940,메리츠증권,buy,44000
2026-04-24,005940,신한투자증권,buy,44000
2026-04-24,005940,키움증권,buy,44000
2026-04-24,009830,신한투자증권,buy,44000
2026-04-24,010060,교보증권,buy,430000
2026-04-24,010060,미래에셋증권,buy,400000
2026-04-24,010060,유진투자증권,buy,400000
2026-04-24,010060,키움증권,buy,390000
2026-04-24,011070,신한투자증권,buy,650000
2026-04-24,012330,KB증권,buy,750000
2026-04-24,0126Z0,하나증권,hold,620000
2026-04-24,018260,LS증권,buy,216000
2026-04-24,018260,교보증권,buy,216000
2026-04-24,018260,메리츠증권,,
2026-04-24,018260,유안타증권,buy,250000
2026-04-24,018260,하나증권,buy,220000
2026-04-24,018260,한화투자증권,buy,210000
2026-04-24,020150,SK증권,buy,90000
2026-04-24,023600,NICE평가정보,,
2026-04-24,028050,LS증권,buy,70000
2026-04-24,028050,iM증권,buy,67000
2026-04-24,028050,교보증권,buy,66000
2026-04-24,028050,미래에셋증권,buy,70000
2026-04-24,028050,신한투자증권,buy,64000
2026-04-24,028050,유진투자증권,buy,68000
2026-04-24,028050,키움증권,buy,67000
2026-04-24,028050,하나증권,buy,67000
2026-04-24,028050,한화투자증권,buy,63000
2026-04-24,030000,KB증권,buy,24000
2026-04-24,032350,유안타증권,buy,27000
2026-04-24,034020,KB증권,buy,148000
2026-04-24,034220,IBK투자증권,buy,20000
2026-04-24,034220,iM증권,buy,17000
2026-04-24,034220,대신증권,buy,17000
2026-04-24,034220,신한투자증권,buy,18000
2026-04-24,035810,한국IR협의회,,
2026-04-24,035900,iM증권,buy,90000
2026-04-24,049550,NICE평가정보,,
2026-04-24,051910,LS증권,hold,403000
2026-04-24,055550,LS증권,buy,120000
2026-04-24,055550,iM증권,buy,120000
2026-04-24,055550,교보증권,buy,121000
2026-04-24,055550,대신증권,buy,120000
2026-04-24,055550,미래에셋증권,buy,131000
2026-04-24,055550,하나증권,buy,126000
2026-04-24,055550,한화투자증권,buy,132000
2026-04-24,063080,유안타증권,,
2026-04-24,064350,KB증권,buy,310000
2026-04-24,064350,KB증권,,310000
2026-04-24,077360,하나증권,buy,23000
2026-04-24,086280,iM증권,buy,325000
2026-04-24,086280,미래에셋증권,buy,310000
2026-04-24,086280,신한투자증권,buy,320000
2026-04-24,086280,유안타증권,buy,320000
2026-04-24,086280,하나증권,buy,310000
2026-04-24,086280,한화투자증권,buy,370000
2026-04-24,086790,KB증권,buy,160000
2026-04-24,098460,신한투자증권,buy,40000
2026-04-24,098460,유진투자증권,buy,41000
2026-04-24,098460,키움증권,,
2026-04-24,105560,LS증권,buy,195000
2026-04-24,105560,iM증권,buy,190000
2026-04-24,105560,교보증권,buy,190000
2026-04-24,105560,대신증권,buy,190000
2026-04-24,105560,미래에셋증권,buy,216000
2026-04-24,105560,신한투자증권,buy,180000
2026-04-24,105560,하나증권,buy,200000
2026-04-24,105560,한화투자증권,buy,210000
2026-04-24,114810,KB증권,,
2026-04-24,120110,DS투자증권,buy,130000
2026-04-24,161890,한화투자증권,buy,110000
2026-04-24,175330,교보증권,buy,38000
2026-04-24,175330,신한투자증권,buy,35000
2026-04-24,191410,서울평가정보,,
2026-04-24,204020,한국IR협의회,,
2026-04-24,204320,유진투자증권,buy,75000
2026-04-24,206400,서울평가정보,,
2026-04-24,215000,신한투자증권,buy,73000
2026-04-24,241710,KB증권,buy,120000
2026-04-24,280360,한화투자증권,buy,170000
2026-04-24,316140,KB증권,buy,46000
2026-04-24,316140,KB증권,,41900
2026-04-24,330860,한국IR협의회,,
2026-04-24,382800,SK증권,,
2026-04-24,394420,키움증권,,
2026-04-24,443060,KB증권,buy,240000
2026-04-24,443060,KB증권,,240000
2026-04-24,452190,서울평가정보,,
2026-04-27,000120,LS증권,buy,140000
2026-04-27,000270,DS투자증권,buy,210000
2026-04-27,000270,LS증권,buy,190000
2026-04-27,000270,iM증권,buy,240000
2026-04-27,000270,교보증권,buy,210000
2026-04-27,000270,대신증권,buy,240000
2026-04-27,000270,미래에셋증권,buy,200000
2026-04-27,000270,신한투자증권,buy,220000
2026-04-27,000270,유진투자증권,buy,300000
2026-04-27,000270,키움증권,buy,175000
2026-04-27,000270,하나증권,buy,210000
2026-04-27,000270,한화투자증권,buy,245000
2026-04-27,000660,KB증권,,
2026-04-27,001530,유진투자증권,buy,40000
2026-04-27,003620,하나증권,,
2026-04-27,004020,iM증권,buy,50000
2026-04-27,004020,미래에셋증권,buy,55000
2026-04-27,004020,상상인증권,buy,49000
2026-04-27,004020,신한투자증권,buy,49000
2026-04-27,004020,하나증권,buy,50000
2026-04-27,004020,한화투자증권,buy,50000
2026-04-27,004800,대신증권,buy,230000
2026-04-27,005380,신한투자증권,buy,670000
2026-04-27,005940,대신증권,buy,45000
2026-04-27,007660,상상인증권,buy,180000
2026-04-27,008770,IBK투자증권,buy,81000
2026-04-27,008770,교보증권,buy,80000
2026-04-27,008770,대신증권,buy,90000
2026-04-27,008770,미래에셋증권,buy,78000
2026-04-27,008770,신한투자증권,buy,77000
2026-04-27,008770,한화투자증권,buy,98000
2026-04-27,011210,대신증권,buy,105000
2026-04-27,011210,유진투자증권,buy,95000
2026-04-27,011210,하나증권,buy,100000
2026-04-27,012330,DS투자증권,buy,600000
2026-04-27,012330,LS증권,buy,580000
2026-04-27,012330,iM증권,buy,580000
2026-04-27,012330,교보증권,buy,550000
2026-04-27,012330,대신증권,buy,570000
2026-04-27,012330,미래에셋증권,buy,550000
2026-04-27,012330,신한투자증권,buy,570000
2026-04-27,012330,유진투자증권,buy,560000
2026-04-27,012330,하나증권,buy,570000
2026-04-27,012330,한화투자증권,buy,590000
2026-04-27,012450,대신증권,buy,1880000
2026-04-27,015760,KB증권,buy,63000
2026-04-27,018260,iM증권,buy,220000
2026-04-27,024110,LS증권,hold,25000
2026-04-27,024110,교보증권,buy,27000
2026-04-27,024110,신한투자증권,buy,26000
2026-04-27,024110,키움증권,buy,30000
2026-04-27,024110,한화투자증권,buy,30000
2026-04-27,030000,대신증권,buy,27000
2026-04-27,030000,유진투자증권,buy,26000
2026-04-27,030000,키움증권,buy,25000
2026-04-27,042660,KB증권,buy,160000
2026-04-27,042660,KB증권,,160000
2026-04-27,047810,하나증권,buy,230000
2026-04-27,055550,키움증권,buy,140000
2026-04-27,063440,한국IR협의회,,
2026-04-27,064290,SK증권,,
2026-04-27,064350,iM증권,buy,320000
2026-04-27,064350,대신증권,buy,280000
2026-04-27,064350,메리츠증권,buy,310000
2026-04-27,064350,신한투자증권,buy,290000
2026-04-27,064350,유안타증권,buy,300000
2026-04-27,064350,하나증권,buy,283000
2026-04-27,064350,한화투자증권,buy,320000
2026-04-27,066570,상상인증권,buy,150000
2026-04-27,082740,SK증권,buy,100000
2026-04-27,082740,SK증권,buy,1000000
2026-04-27,082740,메리츠증권,buy,90000
2026-04-27,082740,상상인증권,buy,96000
2026-04-27,086280,LS증권,buy,320000
2026-04-27,086790,LS증권,buy,150000
2026-04-27,086790,iM증권,buy,150000
2026-04-27,086790,교보증권,buy,140000
2026-04-27,086790,대신증권,buy,143000
2026-04-27,086790,미래에셋증권,buy,179000
2026-04-27,086790,신한투자증권,buy,145000
2026-04-27,086790,키움증권,buy,175000
2026-04-27,086790,하나증권,buy,157000
2026-04-27,086790,한화투자증권,buy,168000
2026-04-27,092730,한국IR협의회,,
2026-04-27,092870,iM증권,,
2026-04-27,098460,iM증권,buy,50000
2026-04-27,105560,키움증권,buy,220000
2026-04-27,149950,메리츠증권,buy,16000
2026-04-27,175330,LS증권,hold,33000
2026-04-27,175330,키움증권,buy,42000
2026-04-27,200470,한국IR협의회,,
2026-04-27,214180,유안타증권,,
2026-04-27,222800,신한투자증권,buy,120000
2026-04-27,229640,LS증권,buy,85000
2026-04-27,251370,유진투자증권,,
2026-04-27,267270,KB증권,buy,245000
2026-04-27,267270,KB증권,,150000
2026-04-27,278470,유안타증권,buy,540000
2026-04-27,280360,LS증권,buy,155000
2026-04-27,290270,한국IR협의회,,
2026-04-27,294870,KB증권,,30000
2026-04-27,298020,iM증권,buy,670000
2026-04-27,298020,신한투자증권,buy,850000
2026-04-27,298020,하나증권,buy,590000
2026-04-27,298040,LS증권,buy,4700000
2026-04-27,298040,SK증권,buy,4700000
2026-04-27,298040,교보증권,buy,4800000
2026-04-27,298040,대신증권,buy,4800000
2026-04-27,298040,신한투자증권,buy,4200000
2026-04-27,298040,유안타증권,buy,5000000
2026-04-27,298040,하나증권,buy,4300000
2026-04-27,316140,LS증권,buy,42000
2026-04-27,316140,iM증권,buy,42000
2026-04-27,316140,교보증권,buy,40000
2026-04-27,316140,대신증권,buy,43000
2026-04-27,316140,미래에셋증권,buy,43000
2026-04-27,316140,신한투자증권,buy,39000
2026-04-27,316140,유안타증권,buy,48000
2026-04-27,316140,키움증권,buy,48000
2026-04-27,316140,하나증권,buy,43000
2026-04-27,316140,한화투자증권,buy,43000
2026-04-27,375500,유진투자증권,buy,144000
2026-04-27,375500,키움증권,,
2026-04-27,376300,DS투자증권,buy,50000
2026-04-27,377300,신한투자증권,hold,
2026-04-27,418420,한국IR협의회,,
2026-04-27,443060,메리츠증권,buy,240000
2026-04-27,443060,유안타증권,buy,433000
2026-04-27,443060,하나증권,buy,330000
2026-04-27,458870,한국IR협의회,,
2026-04-27,460860,하나증권,buy,14000
2026-04-27,461300,한국IR협의회,,
2026-04-28,000660,미래에셋증권,buy,2000000
2026-04-28,000720,KB증권,,218000
2026-04-28,005940,LS증권,hold,40000
2026-04-28,006400,KB증권,,530000
2026-04-28,009150,KB증권,buy,1050000
2026-04-28,010120,LS증권,buy,350000
2026-04-28,010950,KB증권,positive,
2026-04-28,011070,DS투자증권,buy,660000
2026-04-28,011070,IBK투자증권,buy,700000
2026-04-28,011070,KB증권,buy,750000
2026-04-28,011070,SK증권,buy,850000
2026-04-28,011070,iM증권,buy,630000
2026-04-28,011070,교보증권,buy,680000
2026-04-28,011070,대신증권,buy,630000
2026-04-28,011070,메리츠증권,buy,600000
2026-04-28,011070,미래에셋증권,buy,680000
2026-04-28,011070,신한투자증권,buy,700000
2026-04-28,011070,유안타증권,buy,670000
2026-04-28,011070,유진투자증권,buy,660000
2026-04-28,011070,하나증권,buy,700000
2026-04-28,011790,유안타증권,hold,110000
2026-04-28,017670,하나증권,buy,140000
2026-04-28,030200,하나증권,buy,76000
2026-04-28,032640,하나증권,buy,20000
2026-04-28,042660,DS투자증권,buy,170000
2026-04-28,042660,LS증권,buy,170000
2026-04-28,042660,SK증권,buy,175000
2026-04-28,042660,iM증권,buy,167000
2026-04-28,042660,대신증권,buy,164000
2026-04-28,042660,메리츠증권,buy,155000
2026-04-28,042660,신한투자증권,buy,160000
2026-04-28,042660,유안타증권,buy,179000
2026-04-28,042660,하나증권,buy,175000
2026-04-28,042660,한화투자증권,buy,175000
2026-04-28,047040,KB증권,,20000
2026-04-28,060370,LS증권,buy,41000
2026-04-28,089030,신한투자증권,,
2026-04-28,089860,LS증권,buy,44000
2026-04-28,090460,대신증권,buy,52000
2026-04-28,095340,SK증권,buy,280000
2026-04-28,095340,신한투자증권,buy,310000
2026-04-28,095610,하나증권,buy,117000
2026-04-28,098460,미래에셋증권,buy,52500
2026-04-28,099190,미래에셋증권,buy,40000
2026-04-28,105560,유안타증권,buy,220000
2026-04-28,166090,대신증권,buy,106000
2026-04-28,170900,유안타증권,buy,60000
2026-04-28,175330,유안타증권,buy,45000
2026-04-28,192080,한화투자증권,buy,80000
2026-04-28,218410,KB증권,buy,120000
2026-04-28,218410,신한투자증권,buy,89000
2026-04-28,226400,한국IR협의회,,
2026-04-28,229640,SK증권,buy,90000
2026-04-28,237690,유안타증권,buy,200000
2026-04-28,237690,하나증권,buy,210000
2026-04-28,241560,KB증권,buy,92500
2026-04-28,241560,KB증권,,80000
2026-04-28,267260,KB증권,,1250000
2026-04-28,267270,신한투자증권,buy,230000
2026-04-28,267270,키움증권,buy,245000
2026-04-28,272210,대신증권,buy,150000
2026-04-28,272210,신한투자증권,hold,
2026-04-28,294870,IBK투자증권,buy,35000
2026-04-28,294870,LS증권,buy,28000
2026-04-28,294870,iM증권,buy,28000
2026-04-28,294870,신한투자증권,buy,36000
2026-04-28,294870,유진투자증권,buy,30000
2026-04-28,294870,키움증권,buy,34000
2026-04-28,294870,하나증권,buy,29000
2026-04-28,298040,IBK투자증권,buy,4900000
2026-04-28,298050,iM증권,buy,300000
2026-04-28,298380,DS투자증권,,
2026-04-28,298380,메리츠증권,투자의견없음,
2026-04-28,317330,키움증권,,
2026-04-28,355150,키움증권,,
2026-04-28,376300,신한투자증권,buy,48000
2026-04-28,377300,키움증권,buy,130000
2026-04-28,381970,유진투자증권,buy,14000
2026-04-28,388210,유진투자증권,buy,220000
2026-04-28,402340,대신증권,buy,1000000
2026-04-28,417970,한국IR협의회,,
2026-04-28,474170,KB증권,,
2026-04-28,476830,DS투자증권,,
2026-04-29,000080,KB증권,buy,25000
2026-04-29,000660,메리츠증권,buy,2000000
2026-04-29,000720,iM증권,buy,210000
2026-04-29,000720,메리츠증권,buy,217000
2026-04-29,000720,미래에셋증권,buy,213000
2026-04-29,000720,신한투자증권,buy,220000
2026-04-29,000720,유안타증권,buy,223000
2026-04-29,000720,키움증권,buy,214000
2026-04-29,000720,하나증권,buy,240000
2026-04-29,000720,한화투자증권,buy,200000
2026-04-29,001440,KB증권,buy,32000
2026-04-29,002350,KB증권,buy,9500
2026-04-29,003620,키움증권,,
2026-04-29,004000,신한투자증권,buy,100000
2026-04-29,005380,KB증권,positive,
2026-04-29,005930,KB증권,buy,360000
2026-04-29,006260,대신증권,buy,460000
2026-04-29,006400,DS투자증권,buy,840000
2026-04-29,006400,IBK투자증권,buy,800000
2026-04-29,006400,KB증권,buy,850000
2026-04-29,006400,SK증권,buy,810000
2026-04-29,006400,iM증권,buy,800000
2026-04-29,006400,교보증권,buy,880000
2026-04-29,006400,미래에셋증권,buy,1000000
2026-04-29,006400,신한투자증권,buy,800000
2026-04-29,006400,키움증권,buy,820000
2026-04-29,006400,하나증권,buy,857000
2026-04-29,006400,한화투자증권,buy,820000
2026-04-29,009830,iM증권,buy,61000
2026-04-29,009830,교보증권,buy,59000
2026-04-29,009830,미래에셋증권,hold,50000
2026-04-29,009830,신한투자증권,buy,55000
2026-04-29,009830,유진투자증권,buy,80000
2026-04-29,009830,키움증권,buy,60000
2026-04-29,009830,하나증권,buy,60000
2026-04-29,009830,한화투자증권,buy,57000
2026-04-29,011070,상상인증권,buy,700000
2026-04-29,020000,신한투자증권,buy,36000
2026-04-29,028260,KB증권,,400000
2026-04-29,034020,KB증권,,148000
2026-04-29,042660,키움증권,buy,179000
2026-04-29,047040,미래에셋증권,hold,35000
2026-04-29,047040,신한투자증권,hold,
2026-04-29,047040,키움증권,,
2026-04-29,047040,하나증권,buy,49000
2026-04-29,061090,유안타증권,,
2026-04-29,064350,키움증권,buy,340000
2026-04-29,066570,KB증권,,130000
2026-04-29,073240,신한투자증권,buy,8500
2026-04-29,073240,하나증권,,
2026-04-29,073240,한화투자증권,buy,8500
2026-04-29,082740,iM증권,buy,101000
2026-04-29,089860,유진투자증권,buy,46000
2026-04-29,090430,KB증권,,150000
2026-04-29,090430,한화투자증권,buy,180000
2026-04-29,094360,유진투자증권,buy,26000
2026-04-29,095340,메리츠증권,buy,300000
2026-04-29,120110,DS투자증권,buy,130000
2026-04-29,131970,SK증권,,
2026-04-29,131970,메리츠증권,buy,160000
2026-04-29,139130,iM증권,buy,23000
2026-04-29,139130,교보증권,buy,22600
2026-04-29,139130,미래에셋증권,buy,25000
2026-04-29,139130,신한투자증권,buy,22000
2026-04-29,139130,키움증권,buy,25500
2026-04-29,139130,하나증권,buy,24500
2026-04-29,144510,한국IR협의회,,
2026-04-29,161390,유진투자증권,buy,80000
2026-04-29,176750,한국IR협의회,,
2026-04-29,192080,교보증권,buy,70000
2026-04-29,195940,iM증권,buy,70000
2026-04-29,195940,키움증권,buy,69000
2026-04-29,204320,KB증권,buy,82000
2026-04-29,204320,KB증권,,82000
2026-04-29,230240,하나증권,buy,50000
2026-04-29,241560,신한투자증권,buy,85000
2026-04-29,241560,키움증권,buy,96000
2026-04-29,247540,KB증권,,250000
2026-04-29,252990,메리츠증권,,
2026-04-29,263750,신한투자증권,buy,72000
2026-04-29,267260,IBK투자증권,buy,1500000
2026-04-29,267260,KB증권,buy,1480000
2026-04-29,267260,SK증권,buy,1500000
2026-04-29,267260,대신증권,buy,1500000
2026-04-29,267260,신한투자증권,buy,1500000
2026-04-29,267260,유안타증권,buy,1450000
2026-04-29,267260,유진투자증권,buy,1500000
2026-04-29,267260,하나증권,buy,1440000
2026-04-29,272210,키움증권,buy,170000
2026-04-29,298040,유진투자증권,buy,5000000
2026-04-29,298380,교보증권,buy,260000
2026-04-29,298380,키움증권,buy,200000
2026-04-29,316140,대신증권,buy,43000
2026-04-29,336260,KB증권,,50000
2026-04-29,336370,IBK투자증권,buy,20000
2026-04-29,336370,SK증권,buy,20000
2026-04-29,352820,KB증권,buy,350000
2026-04-29,357780,교보증권,buy,580000
2026-04-29,402030,한국IR협의회,,
2026-04-29,439260,KB증권,buy,110000
2026-04-29,462870,신한투자증권,,37000
2026-04-30,000150,DS투자증권,buy,2400000
2026-04-30,000150,대신증권,buy,1920000
2026-04-30,000150,메리츠증권,buy,2400000
2026-04-30,000150,신한투자증권,buy,2500000
2026-04-30,000150,유진투자증권,buy,2200000
2026-04-30,000150,하나증권,buy,2420000
2026-04-30,001120,미래에셋증권,hold,56000
2026-04-30,001120,신한투자증권,buy,66000
2026-04-30,001120,유진투자증권,buy,80000
2026-04-30,001120,하나증권,buy,66000
2026-04-30,001430,iM증권,hold,72000
2026-04-30,001430,신한투자증권,buy,99000
2026-04-30,001430,하나증권,buy,89000
2026-04-30,001430,한화투자증권,buy,89000
2026-04-30,001440,SK증권,buy,61000
2026-04-30,001440,메리츠증권,투자의견없음,
2026-04-30,001440,유안타증권,buy,60000
2026-04-30,001440,하나증권,buy,60000
2026-04-30,002350,DS투자증권,buy,11000
2026-04-30,002350,신한투자증권,buy,10000
2026-04-30,002350,유진투자증권,buy,10000
2026-04-30,002350,하나증권,buy,10500
2026-04-30,002350,한화투자증권,buy,9300
2026-04-30,003670,KB증권,,280000
2026-04-30,005490,KB증권,buy,533000
2026-04-30,005930,KB증권,,360000
2026-04-30,005930,SK증권,buy,400000
2026-04-30,006260,대신증권,buy,460000
2026-04-30,006360,한화투자증권,buy,50000
2026-04-30,006650,하나증권,buy,200000
2026-04-30,009150,KB증권,,1050000
2026-04-30,010140,KB증권,buy,35000
2026-04-30,011070,KB증권,buy,750000
2026-04-30,011780,신한투자증권,buy,200000
2026-04-30,012450,KB증권,buy,1750000
2026-04-30,012450,KB증권,,1750000
2026-04-30,016380,신한투자증권,buy,8100
2026-04-30,017960,미래에셋증권,,
2026-04-30,018880,KB증권,hold,4400
2026-04-30,018880,KB증권,,3700
2026-04-30,028260,DS투자증권,buy,380000
2026-04-30,028260,SK증권,buy,390000
2026-04-30,028260,미래에셋증권,buy,370000
2026-04-30,028260,신한투자증권,buy,400000
2026-04-30,028260,유진투자증권,buy,380000
2026-04-30,028260,하나증권,buy,400000
2026-04-30,028260,한화투자증권,buy,410000
2026-04-30,030000,대신증권,buy,27000
2026-04-30,034020,IBK투자증권,buy,160000
2026-04-30,034020,KB증권,buy,156000
2026-04-30,034020,교보증권,buy,145000
2026-04-30,034020,대신증권,buy,156000
2026-04-30,034020,미래에셋증권,buy,150000
2026-04-30,034020,유진투자증권,buy,150000
2026-04-30,034020,키움증권,buy,158000
2026-04-30,034020,하나증권,buy,165000
2026-04-30,034220,KB증권,buy,17000
2026-04-30,039490,KB증권,buy,560000
2026-04-30,039490,KB증권,,560000
2026-04-30,039490,미래에셋증권,buy,516000
2026-04-30,046120,교보증권,,
2026-04-30,047050,KB증권,buy,100000
2026-04-30,051900,KB증권,,310000
2026-04-30,051910,KB증권,,430000
2026-04-30,054950,신한투자증권,buy,36000
2026-04-30,064400,KB증권,buy,90000
2026-04-30,064400,KB증권,,90000
2026-04-30,064400,한화투자증권,buy,90000
2026-04-30,064760,신한투자증권,buy,410000
2026-04-30,066570,DS투자증권,buy,170000
2026-04-30,066570,IBK투자증권,buy,160000
2026-04-30,066570,SK증권,buy,180000
2026-04-30,066570,iM증권,buy,165000
2026-04-30,066570,교보증권,buy,180000
2026-04-30,066570,대신증권,buy,160000
2026-04-30,066570,신한투자증권,buy,170000
2026-04-30,066970,KB증권,,260000
2026-04-30,071840,IBK투자증권,buy,10500
2026-04-30,073240,DS투자증권,buy,9700
2026-04-30,079550,키움증권,buy,1250000
2026-04-30,082740,미래에셋증권,,
2026-04-30,090430,KB증권,buy,180000
2026-04-30,090430,LS증권,buy,170000
2026-04-30,090430,SK증권,buy,180000
2026-04-30,090430,SK증권,,180000
2026-04-30,090430,교보증권,buy,180000
2026-04-30,090430,미래에셋증권,buy,180000
2026-04-30,090430,신한투자증권,buy,185000
2026-04-30,093320,미래에셋증권,,
2026-04-30,103140,KB증권,buy,140000
2026-04-30,131970,한화투자증권,buy,175000
2026-04-30,139130,한화투자증권,buy,23500
2026-04-30,204320,iM증권,buy,80000
2026-04-30,204320,교보증권,buy,77000
2026-04-30,204320,메리츠증권,buy,76000
2026-04-30,204320,신한투자증권,buy,66000
2026-04-30,204320,유진투자증권,buy,75000
2026-04-30,204320,하나증권,buy,69000
2026-04-30,204320,한화투자증권,buy,88000
2026-04-30,207940,SK증권,buy,2000000
2026-04-30,218410,하나증권,buy,150000
2026-04-30,247540,DS투자증권,buy,300000
2026-04-30,247540,IBK투자증권,,220000
2026-04-30,247540,KB증권,buy,270000
2026-04-30,247540,iM증권,hold,220000
2026-04-30,247540,교보증권,buy,300000
2026-04-30,247540,신한투자증권,,230000
2026-04-30,247540,유진투자증권,buy,250000
2026-04-30,247540,키움증권,buy,240000
2026-04-30,247540,하나증권,buy,257000
2026-04-30,247540,한화투자증권,buy,270000
2026-04-30,251270,키움증권,buy,58000
2026-04-30,272210,유진투자증권,buy,140000
2026-04-30,281740,한국IR협의회,,
2026-04-30,304360,DS투자증권,buy,65000
2026-04-30,316140,대신증권,buy,43000
2026-04-30,322000,DS투자증권,buy,334000
2026-04-30,322000,교보증권,buy,275000
2026-04-30,327260,하나증권,buy,150000
2026-04-30,336260,메리츠증권,buy,65000
2026-04-30,336260,유진투자증권,hold,55000
2026-04-30,336260,하나증권,buy,70000
2026-04-30,352820,DS투자증권,buy,450000
2026-04-30,352820,IBK투자증권,buy,400000
2026-04-30,352820,SK증권,buy,400000
2026-04-30,352820,iM증권,buy,400000
2026-04-30,352820,교보증권,buy,390000
2026-04-30,352820,메리츠증권,buy,390000
2026-04-30,352820,유안타증권,buy,370000
2026-04-30,352820,유진투자증권,buy,380000
2026-04-30,352820,키움증권,buy,370000
2026-04-30,352820,하나증권,buy,400000
2026-04-30,352820,한화투자증권,buy,380000
2026-04-30,353200,SK증권,buy,145000
2026-04-30,353200,iM증권,buy,165000
2026-04-30,353200,교보증권,buy,160000
2026-04-30,353200,대신증권,buy,130000
2026-04-30,353200,메리츠증권,buy,150000
2026-04-30,353200,유안타증권,buy,170000
2026-04-30,353200,유진투자증권,buy,190000
2026-04-30,353200,하나증권,buy,170000
2026-04-30,373220,KB증권,,530000
2026-04-30,383220,KB증권,buy,100000
2026-04-30,383220,KB증권,,87000
2026-04-30,417840,한화투자증권,buy,20000
2026-04-30,439260,DS투자증권,buy,131000
2026-04-30,439260,신한투자증권,,
2026-04-30,439260,유안타증권,buy,172000
2026-04-30,443060,SK증권,buy,340000
2026-04-30,443060,대신증권,buy,320000
2026-05-04,000660,미래에셋증권,buy,2000000
2026-05-04,000660,유진투자증권,buy,2300000
2026-05-04,003670,DS투자증권,buy,290000
2026-05-04,003670,KB증권,buy,310000
2026-05-04,003670,미래에셋증권,buy,290000
2026-05-04,003670,신한투자증권,,250000
2026-05-04,003670,하나증권,buy,294000
2026-05-04,003670,한화투자증권,hold,260000
2026-05-04,005300,KB증권,,160000
2026-05-04,005300,한화투자증권,buy,160000
2026-05-04,005490,iM증권,buy,540000
2026-05-04,005490,미래에셋증권,buy,620000
2026-05-04,005490,하나증권,buy,740000
2026-05-04,005490,한화투자증권,buy,550000
2026-05-04,005930,DS투자증권,buy,300000
2026-05-04,005930,IBK투자증권,buy,350000
2026-05-04,005930,KB증권,,
2026-05-04,005930,KB증권,buy,360000
2026-05-04,005930,iM증권,buy,300000
2026-05-04,005930,대신증권,buy,330000
2026-05-04,005930,미래에셋증권,buy,320000
2026-05-04,005930,신한투자증권,buy,300000
2026-05-04,005930,유안타증권,buy,340000
2026-05-04,005930,유진투자증권,buy,360000
2026-05-04,005930,키움증권,,
2026-05-04,005930,하나증권,buy,330000
2026-05-04,005930,한화투자증권,buy,330000
2026-05-04,005940,교보증권,buy,41000
2026-05-04,006360,iM증권,buy,44000
2026-05-04,006360,미래에셋증권,buy,49000
2026-05-04,006360,유진투자증권,buy,53000
2026-05-04,006360,키움증권,buy,47000
2026-05-04,006360,하나증권,buy,45000
2026-05-04,008770,iM증권,,
2026-05-04,009150,DS투자증권,buy,1080000
2026-05-04,009150,IBK투자증권,buy,1050000
2026-05-04,009150,KB증권,buy,1100000
2026-05-04,009150,SK증권,buy,1100000
2026-05-04,009150,iM증권,buy,1100000
2026-05-04,009150,대신증권,buy,920000
2026-05-04,009150,신한투자증권,buy,1000000
2026-05-04,009150,유안타증권,buy,1020000
2026-05-04,009150,유진투자증권,buy,1030000
2026-05-04,009150,하나증권,buy,1000000
2026-05-04,010140,DS투자증권,buy,42000
2026-05-04,010140,SK증권,buy,40000
2026-05-04,010140,신한투자증권,buy,37000
2026-05-04,010140,키움증권,buy,42000
2026-05-04,010140,하나증권,buy,40000
2026-05-04,012450,iM증권,buy,1830000
2026-05-04,012450,대신증권,buy,1750000
2026-05-04,012450,신한투자증권,buy,1600000
2026-05-04,012450,유안타증권,buy,1820000
2026-05-04,012450,키움증권,buy,1900000
2026-05-04,012450,하나증권,buy,1860000
2026-05-04,012450,한화투자증권,buy,1800000
2026-05-04,016360,KB증권,positive,
2026-05-04,018880,교보증권,buy,6100
2026-05-04,018880,대신증권,buy,5000
2026-05-04,018880,미래에셋증권,hold,4600
2026-05-04,018880,유진투자증권,buy,5250
2026-05-04,018880,키움증권,buy,6500
2026-05-04,018880,하나증권,hold,4700
2026-05-04,018880,한화투자증권,buy,5100
2026-05-04,028670,KB증권,,5000
2026-05-04,034020,iM증권,,
2026-05-04,034020,유안타증권,buy,149000
2026-05-04,035250,유진투자증권,buy,22000
2026-05-04,035250,키움증권,buy,22000
2026-05-04,035250,하나증권,buy,23000
2026-05-04,035420,교보증권,buy,350000
2026-05-04,035420,유안타증권,buy,290000
2026-05-04,035420,유진투자증권,buy,320000
2026-05-04,035420,하나증권,buy,350000
2026-05-04,035420,한화투자증권,buy,300000
2026-05-04,036570,키움증권,buy,430000
2026-05-04,039490,SK증권,buy,593000
2026-05-04,039490,iM증권,buy,550000
2026-05-04,039490,교보증권,buy,600000
2026-05-04,039490,대신증권,buy,540000
2026-05-04,039490,신한투자증권,buy,600000
2026-05-04,039490,하나증권,buy,570000
2026-05-04,047050,미래에셋증권,buy,110000
2026-05-04,047050,유안타증권,buy,112000
2026-05-04,047050,유진투자증권,buy,110000
2026-05-04,047050,키움증권,,
2026-05-04,047050,하나증권,buy,105000
2026-05-04,051900,KB증권,hold,310000
2026-05-04,051900,교보증권,hold,280000
2026-05-04,051900,미래에셋증권,hold,290000
2026-05-04,051900,한화투자증권,hold,280000
2026-05-04,051910,미래에셋증권,buy,480000
2026-05-04,051910,하나증권,hold,360000
2026-05-04,051910,한화투자증권,buy,470000
2026-05-04,054940,NICE평가정보,,
2026-05-04,054950,iM증권,buy,35000
2026-05-04,060480,NICE평가정보,,
2026-05-04,062040,SK증권,buy,360000
2026-05-04,062040,유안타증권,buy,360000
2026-05-04,062040,유진투자증권,buy,350000
2026-05-04,064400,교보증권,buy,89000
2026-05-04,064400,유진투자증권,buy,93000
2026-05-04,064960,대신증권,buy,49000
2026-05-04,064960,하나증권,buy,40000
2026-05-04,066570,미래에셋증권,buy,190000
2026-05-04,066970,DS투자증권,buy,350000
2026-05-04,066970,KB증권,buy,260000
2026-05-04,066970,iM증권,buy,250000
2026-05-04,066970,교보증권,buy,280000
2026-05-04,066970,미래에셋증권,buy,300000
2026-05-04,066970,키움증권,buy,240000
2026-05-04,066970,한화투자증권,buy,240000
2026-05-04,067160,유진투자증권,buy,77000
2026-05-04,089970,대신증권,buy,80000
2026-05-04,090430,유안타증권,buy,178000
2026-05-04,103140,iM증권,hold,112000
2026-05-04,103140,키움증권,buy,130000
2026-05-04,103140,하나증권,buy,160000
2026-05-04,103140,한화투자증권,buy,147000
2026-05-04,108670,미래에셋증권,buy,46000
2026-05-04,108670,하나증권,buy,57000
2026-05-04,128940,하나증권,buy,640000
2026-05-04,138930,iM증권,buy,23000
2026-05-04,138930,교보증권,buy,22500
2026-05-04,138930,미래에셋증권,buy,26000
2026-05-04,138930,신한투자증권,buy,22000
2026-05-04,138930,키움증권,buy,25000
2026-05-04,138930,하나증권,buy,24500
2026-05-04,138930,한화투자증권,buy,24000
2026-05-04,146060,서울평가정보,,
2026-05-04,148250,서울평가정보,,
2026-05-04,192440,서울평가정보,,
2026-05-04,194370,신한투자증권,buy,21200
2026-05-04,204320,대신증권,buy,87000
2026-05-04,222080,한국IR협의회,,
2026-05-04,234340,iM증권,,
2026-05-04,259960,교보증권,buy,390000
2026-05-04,259960,유진투자증권,buy,400000
2026-05-04,259960,하나증권,buy,460000
2026-05-04,259960,한화투자증권,buy,400000
2026-05-04,267270,신한투자증권,buy,230000
2026-05-04,293490,IBK투자증권,buy,16000
2026-05-04,307950,KB증권,buy,650000
2026-05-04,307950,KB증권,,700000
2026-05-04,307950,대신증권,buy,560000
2026-05-04,307950,한화투자증권,buy,470000
2026-05-04,336260,KB증권,buy,74000
2026-05-04,368970,NICE평가정보,,
2026-05-04,373220,DS투자증권,buy,600000
2026-05-04,373220,IBK투자증권,buy,560000
2026-05-04,373220,교보증권,buy,570000
2026-05-04,373220,미래에셋증권,buy,580000
2026-05-04,373220,키움증권,buy,590000
2026-05-04,373220,하나증권,buy,530000
2026-05-04,373220,한화투자증권,buy,600000
2026-05-04,375500,iM증권,buy,145000
2026-05-04,375500,미래에셋증권,buy,128000
2026-05-04,375500,유진투자증권,buy,144000
2026-05-04,375500,키움증권,buy,149000
2026-05-04,375500,하나증권,buy,120000
2026-05-04,375500,한화투자증권,buy,110000
2026-05-04,383220,SK증권,buy,94000
2026-05-04,383220,대신증권,buy,100000
2026-05-04,383220,미래에셋증권,buy,100000
2026-05-04,383220,한화투자증권,buy,105000
2026-05-04,403550,키움증권,,
2026-05-04,403550,하나증권,,
2026-05-04,446840,신한투자증권,,
2026-05-04,454910,미래에셋증권,,
2026-05-04,475400,키움증권,,
2026-05-06,000100,신한투자증권,buy,120000
2026-05-06,000660,메리츠증권,투자의견없음,
2026-05-06,0011A0,KB증권,,
2026-05-06,004800,대신증권,buy,300000
2026-05-06,005300,LS증권,buy,160000
2026-05-06,005300,교보증권,buy,155000
2026-05-06,005300,신한투자증권,buy,160000
2026-05-06,005300,키움증권,buy,170000
2026-05-06,005300,하나증권,buy,170000
2026-05-06,005930,교보증권,buy,330000
2026-05-06,009150,미래에셋증권,buy,1300000
2026-05-06,011070,메리츠증권,buy,680000
2026-05-06,011760,하나증권,buy,38000
2026-05-06,024850,현대차증권,buy,6900
2026-05-06,028670,LS증권,buy,7600
2026-05-06,028670,미래에셋증권,buy,7400
2026-05-06,028670,신한투자증권,buy,7500
2026-05-06,028670,유안타증권,buy,7000
2026-05-06,028670,하나증권,buy,7000
2026-05-06,033160,현대차증권,buy,40000
2026-05-06,035600,한국IR협의회,,
2026-05-06,037030,SK증권,,
2026-05-06,051910,유진투자증권,buy,500000
2026-05-06,052690,LS증권,buy,230000
2026-05-06,062040,신한투자증권,buy,370000
2026-05-06,066970,하나증권,buy,273000
2026-05-06,069260,유안타증권,buy,28000
2026-05-06,090460,SK증권,buy,45000
2026-05-06,090460,SK증권,투자의견없음,45000
2026-05-06,090460,교보증권,buy,42000
2026-05-06,090460,대신증권,buy,52000
2026-05-06,090460,메리츠증권,buy,38000
2026-05-06,090460,유진투자증권,buy,40000
2026-05-06,091700,대신증권,buy,9000
2026-05-06,100120,유진투자증권,buy,34000
2026-05-06,100590,유안타증권,,
2026-05-06,125490,KB증권,,
2026-05-06,128940,신한투자증권,buy,560000
2026-05-06,178920,iM증권,buy,38000
2026-05-06,183300,SK증권,buy,200000
2026-05-06,183300,SK증권,투자의견없음,200000
2026-05-06,189300,유안타증권,buy,180000
2026-05-06,195870,iM증권,buy,92500
2026-05-06,195870,교보증권,buy,100000
2026-05-06,195870,메리츠증권,buy,98000
2026-05-06,195870,유진투자증권,buy,94000
2026-05-06,207940,키움증권,,
2026-05-06,215000,유진투자증권,buy,70000
2026-05-06,252990,키움증권,,
2026-05-06,259960,키움증권,buy,340000
2026-05-06,272210,유안타증권,buy,169000
2026-05-06,282880,유안타증권,,
2026-05-06,295310,유안타증권,,
2026-05-06,307950,DS투자증권,buy,530000
2026-05-06,307950,LS증권,buy,590000
2026-05-06,307950,교보증권,buy,540000
2026-05-06,307950,유진투자증권,buy,700000
2026-05-06,323410,KB증권,buy,33000
2026-05-06,323410,KB증권,,30000
2026-05-06,323410,한화투자증권,hold,26000
2026-05-06,347700,유안타증권,,
2026-05-06,361390,유안타증권,,
2026-05-06,373220,유진투자증권,buy,550000
2026-05-06,376300,KB증권,buy,46000
2026-05-06,383220,대신증권,buy,100000
2026-05-06,451760,유안타증권,,
2026-05-06,462350,유안타증권,,
2026-05-06,472850,유안타증권,,
2026-05-06,474170,유안타증권,,
2026-05-06,478340,유안타증권,,
2026-05-06,493330,SK증권,,
2026-05-06,499790,KB증권,buy,70000
2026-05-07,000100,교보증권,buy,130000
2026-05-07,000660,미래에셋증권,buy,2700000
2026-05-07,000720,KB증권,buy,230000
2026-05-07,000880,대신증권,buy,163000
2026-05-07,000880,키움증권,buy,169000
2026-05-07,002380,하나증권,buy,730000
2026-05-07,003550,KB증권,,108000
2026-05-07,005380,KB증권,buy,800000
2026-05-07,005490,키움증권,buy,640000
2026-05-07,005930,미래에셋증권,buy,400000
2026-05-07,009540,KB증권,buy,550000
2026-05-07,011780,KB증권,buy,180000
2026-05-07,011790,메리츠증권,투자의견없음,
2026-05-07,012750,유안타증권,buy,90000
2026-05-07,017670,KB증권,buy,130000
2026-05-07,017670,KB증권,,75000
2026-05-07,019010,한국IR협의회,,
2026-05-07,028050,KB증권,buy,73500
2026-05-07,032640,KB증권,buy,21000
2026-05-07,032640,KB증권,,21000
2026-05-07,033780,KB증권,buy,220000
2026-05-07,033780,KB증권,,190000
2026-05-07,034230,KB증권,buy,21000
2026-05-07,034230,유진투자증권,buy,23000
2026-05-07,034230,하나증권,buy,25000
2026-05-07,035760,KB증권,buy,74000
2026-05-07,035760,KB증권,,74000
2026-05-07,041510,LS증권,buy,140000
2026-05-07,041510,SK증권,buy,134000
2026-05-07,041510,iM증권,buy,140000
2026-05-07,041510,교보증권,buy,130000
2026-05-07,041510,신한투자증권,buy,130000
2026-05-07,041510,유진투자증권,buy,130000
2026-05-07,041510,하나증권,buy,140000
2026-05-07,047810,KB증권,buy,210000
2026-05-07,055550,iM증권,buy,120000
2026-05-07,058470,LS증권,buy,150000
2026-05-07,064350,유진투자증권,buy,316000
2026-05-07,064400,유안타증권,buy,93000
2026-05-07,067160,한국IR협의회,,
2026-05-07,068270,DS투자증권,buy,320000
2026-05-07,068270,IBK투자증권,buy,250000
2026-05-07,068270,SK증권,buy,260000
2026-05-07,068270,유안타증권,buy,270000
2026-05-07,069960,IBK투자증권,buy,130000
2026-05-07,069960,교보증권,buy,150000
2026-05-07,069960,대신증권,buy,145000
2026-05-07,069960,미래에셋증권,buy,150000
2026-05-07,069960,신한투자증권,buy,140000
2026-05-07,069960,유안타증권,buy,142000
2026-05-07,069960,유안타증권,buy,160000
2026-05-07,069960,유진투자증권,buy,150000
2026-05-07,069960,키움증권,buy,147000
2026-05-07,069960,한화투자증권,buy,160000
2026-05-07,079550,KB증권,buy,1100000
2026-05-07,086790,iM증권,buy,150000
2026-05-07,089600,KB증권,buy,17000
2026-05-07,090460,KB증권,buy,38000
2026-05-07,100120,LS증권,buy,36000
2026-05-07,100120,미래에셋증권,buy,43000
2026-05-07,119610,키움증권,,
2026-05-07,128940,교보증권,buy,700000
2026-05-07,222800,iM증권,buy,135000
2026-05-07,222800,교보증권,buy,135000
2026-05-07,222800,대신증권,buy,105000
2026-05-07,222800,신한투자증권,buy,150000
2026-05-07,253450,KB증권,buy,48000
2026-05-07,253450,KB증권,,53000
2026-05-07,278470,KB증권,,480000
2026-05-07,278470,한화투자증권,buy,500000
2026-05-07,323410,LS증권,buy,32000
2026-05-07,323410,교보증권,buy,32000
2026-05-07,323410,대신증권,hold,26000
2026-05-07,323410,메리츠증권,hold,28000
2026-05-07,323410,신한투자증권,buy,29000
2026-05-07,323410,하나증권,buy,35000
2026-05-07,327260,신한투자증권,,
2026-05-07,376300,LS증권,buy,48000
2026-05-07,376300,iM증권,buy,47000
2026-05-07,376300,신한투자증권,buy,48000
2026-05-07,377300,교보증권,,76000
2026-05-07,377300,신한투자증권,hold,
2026-05-07,377300,키움증권,buy,130000
2026-05-07,453340,IBK투자증권,buy,25000
2026-05-07,458870,미래에셋증권,,
2026-05-07,499790,신한투자증권,buy,70000
2026-05-07,499790,하나증권,buy,72000
2026-05-08,000210,KB증권,buy,83000
2026-05-08,003550,대신증권,buy,130000
2026-05-08,003550,하나증권,buy,125000
2026-05-08,003550,한화투자증권,buy,126000
2026-05-08,007070,LS증권,buy,30000
2026-05-08,007070,미래에셋증권,buy,31000
2026-05-08,007070,키움증권,buy,30000
2026-05-08,007070,한화투자증권,buy,32000
2026-05-08,009540,LS증권,buy,630000
2026-05-08,009540,SK증권,buy,640000
2026-05-08,009540,하나증권,buy,570000
2026-05-08,010130,iM증권,buy,1950000
2026-05-08,010130,메리츠증권,투자의견없음,
2026-05-08,010130,신한투자증권,buy,1900000
2026-05-08,011780,미래에셋증권,buy,160000
2026-05-08,011780,신한투자증권,buy,200000
2026-05-08,011780,하나증권,buy,180000
2026-05-08,017670,IBK투자증권,buy,107000
2026-05-08,017670,대신증권,buy,110000
2026-05-08,017670,미래에셋증권,buy,120000
2026-05-08,017670,신한투자증권,,98000
2026-05-08,017670,유안타증권,buy,118000
2026-05-08,017670,하나증권,buy,140000
2026-05-08,020000,신한투자증권,buy,36000
2026-05-08,028050,KB증권,positive,
2026-05-08,032640,IBK투자증권,buy,20000
2026-05-08,032640,대신증권,buy,20000
2026-05-08,032640,미래에셋증권,buy,19000
2026-05-08,032640,신한투자증권,buy,21000
2026-05-08,032640,유안타증권,buy,21000
2026-05-08,032640,하나증권,buy,20000
2026-05-08,033780,DS투자증권,buy,210000
2026-05-08,033780,LS증권,buy,230000
2026-05-08,033780,신한투자증권,buy,220000
2026-05-08,033780,유안타증권,buy,210000
2026-05-08,033780,유안타증권,,210000
2026-05-08,033780,키움증권,,
2026-05-08,033780,한화투자증권,buy,250000
2026-05-08,035720,LS증권,buy,66000
2026-05-08,035720,교보증권,buy,76000
2026-05-08,035720,메리츠증권,buy,75000
2026-05-08,035720,유안타증권,buy,80000
2026-05-08,035720,유진투자증권,buy,74000
2026-05-08,035720,하나증권,buy,75000
2026-05-08,035720,한화투자증권,buy,70000
2026-05-08,035760,대신증권,buy,75000
2026-05-08,035760,유진투자증권,buy,70000
2026-05-08,035760,하나증권,buy,70000
2026-05-08,036420,대신증권,buy,10000
2026-05-08,037560,대신증권,hold,2800
2026-05-08,039840,미래에셋증권,buy,25000
2026-05-08,041830,미래에셋증권,buy,55000
2026-05-08,047080,NICE평가정보,,
2026-05-08,047810,대신증권,buy,196000
2026-05-08,047810,메리츠증권,buy,230000
2026-05-08,047810,신한투자증권,buy,215000
2026-05-08,047810,유안타증권,buy,236000
2026-05-08,047810,하나증권,buy,230000
2026-05-08,053210,KB증권,,7000
2026-05-08,061090,하나증권,buy,70000
2026-05-08,064290,유안타증권,,
2026-05-08,068930,LS증권,,
2026-05-08,070590,NICE평가정보,,
2026-05-08,071840,IBK투자증권,buy,10500
2026-05-08,071970,SK증권,buy,120000
2026-05-08,071970,하나증권,buy,120000
2026-05-08,079550,SK증권,buy,1150000
2026-05-08,079550,iM증권,buy,1230000
2026-05-08,079550,대신증권,buy,1100000
2026-05-08,079550,신한투자증권,buy,980000
2026-05-08,079550,유진투자증권,buy,1040000
2026-05-08,079550,키움증권,buy,1250000
2026-05-08,079550,하나증권,buy,1110000
2026-05-08,086390,신한투자증권,buy,28000
2026-05-08,089600,유진투자증권,buy,19000
2026-05-08,112610,DS투자증권,buy,81000
2026-05-08,112610,교보증권,buy,77000
2026-05-08,112610,미래에셋증권,buy,74000
2026-05-08,112610,유진투자증권,buy,80000
2026-05-08,112610,키움증권,buy,76000
2026-05-08,112610,하나증권,buy,80000
2026-05-08,145020,대신증권,buy,400000
2026-05-08,145020,미래에셋증권,buy,350000
2026-05-08,145020,키움증권,buy,380000
2026-05-08,161390,KB증권,buy,80000
2026-05-08,161390,KB증권,,80000
2026-05-08,161890,KB증권,,115000
2026-05-08,161890,한화투자증권,buy,120000
2026-05-08,222040,DS투자증권,buy,10000
2026-05-08,234340,유진투자증권,buy,50000
2026-05-08,251270,DS투자증권,buy,70000
2026-05-08,251270,메리츠증권,buy,68000
2026-05-08,251270,미래에셋증권,buy,65000
2026-05-08,251270,하나증권,buy,66000
2026-05-08,253450,대신증권,buy,54000
2026-05-08,253450,신한투자증권,buy,47000
2026-05-08,253450,유진투자증권,buy,48000
2026-05-08,253450,하나증권,buy,48000
2026-05-08,259960,유안타증권,buy,350000
2026-05-08,278470,KB증권,buy,500000
2026-05-08,278470,LS증권,buy,500000
2026-05-08,278470,SK증권,buy,510000
2026-05-08,278470,SK증권,,510000
2026-05-08,278470,교보증권,buy,550000
2026-05-08,278470,신한투자증권,buy,500000
2026-05-08,278470,유안타증권,buy,540000
2026-05-08,278470,유진투자증권,buy,510000
2026-05-08,278470,한화투자증권,buy,500000
2026-05-08,282330,IBK투자증권,buy,190000
2026-05-08,282330,대신증권,buy,170000
2026-05-08,282330,미래에셋증권,buy,180000
2026-05-08,282330,키움증권,buy,170000
2026-05-08,282330,한화투자증권,buy,190000
2026-05-08,307950,KB증권,buy,650000
2026-05-08,326030,IBK투자증권,buy,165000
2026-05-08,326030,SK증권,buy,160000
2026-05-08,326030,하나증권,buy,150000
2026-05-08,329180,DS투자증권,buy,900000
2026-05-08,329180,SK증권,buy,970000
2026-05-08,329180,SK증권,,970000
2026-05-08,329180,유안타증권,buy,842000
2026-05-08,329180,키움증권,buy,950000
2026-05-08,329180,하나증권,buy,900000
2026-05-08,329180,한화투자증권,buy,870000
2026-05-08,361610,키움증권,buy,32000
2026-05-08,373220,KB증권,,530000
2026-05-08,420770,SK증권,,
2026-05-08,499790,IBK투자증권,,
2026-05-11,000150,유진투자증권,buy,2580000
2026-05-11,000270,KB증권,buy,300000
2026-05-11,000660,미래에셋증권,buy,2700000
2026-05-11,000660,키움증권,buy,1900000
2026-05-11,003550,대신증권,buy,130000
2026-05-11,004710,메리츠증권,투자의견없음,
2026-05-11,005380,KB증권,buy,800000
2026-05-11,005440,IBK투자증권,buy,19000
2026-05-11,005930,KB증권,buy,360000
2026-05-11,005930,미래에셋증권,buy,400000
2026-05-11,005930,키움증권,buy,330000
2026-05-11,006280,미래에셋증권,buy,220000
2026-05-11,006400,iM증권,buy,800000
2026-05-11,009150,교보증권,buy,1200000
2026-05-11,009830,iM증권,buy,61000
2026-05-11,010140,상상인증권,buy,43000
2026-05-11,010950,KB증권,buy,167000
2026-05-11,011070,KB증권,buy,950000
2026-05-11,011170,KB증권,,90000
2026-05-11,011780,유진투자증권,buy,177000
2026-05-11,012330,KB증권,buy,750000
2026-05-11,012450,유안타증권,buy,1820000
2026-05-11,012450,유안타증권,,1820000
2026-05-11,016360,KB증권,buy,165000
2026-05-11,016360,KB증권,,133000
2026-05-11,017670,대신증권,buy,110000
2026-05-11,017670,유진투자증권,hold,94000
2026-05-11,018670,iM증권,buy,330000
2026-05-11,019680,LS증권,hold,1500
2026-05-11,021240,신한투자증권,buy,115000
2026-05-11,021240,한화투자증권,buy,150000
2026-05-11,028260,하나증권,buy,600000
2026-05-11,032640,대신증권,buy,20000
2026-05-11,032640,유진투자증권,buy,19000
2026-05-11,034230,키움증권,buy,23000
2026-05-11,034730,유안타증권,buy,830000
2026-05-11,035760,대신증권,buy,75000
2026-05-11,035760,키움증권,buy,70000
2026-05-11,036420,대신증권,buy,10000
2026-05-11,037560,대신증권,hold,2800
2026-05-11,041510,키움증권,buy,120000
2026-05-11,047810,대신증권,buy,196000
2026-05-11,051500,DS투자증권,buy,50000
2026-05-11,051500,키움증권,,
2026-05-11,051500,하나증권,buy,48000
2026-05-11,052690,KB증권,buy,220000
2026-05-11,052690,LS증권,buy,230000
2026-05-11,052690,메리츠증권,투자의견없음,
2026-05-11,052690,키움증권,buy,213000
2026-05-11,052690,하나증권,buy,220000
2026-05-11,053210,대신증권,hold,5600
2026-05-11,054450,iM증권,,
2026-05-11,054450,유진투자증권,buy,20000
2026-05-11,058470,메리츠증권,buy,140000
2026-05-11,066970,iM증권,buy,250000
2026-05-11,068930,유안타증권,,
2026-05-11,071320,유진투자증권,buy,120000
2026-05-11,071320,하나증권,buy,140000
2026-05-11,079160,대신증권,buy,7000
2026-05-11,079430,미래에셋증권,hold,7800
2026-05-11,079550,대신증권,buy,1100000
2026-05-11,079550,메리츠증권,buy,1150000
2026-05-11,079550,한화투자증권,buy,1050000
2026-05-11,079550,한화투자증권,,1050000
2026-05-11,086280,KB증권,buy,360000
2026-05-11,086450,한국IR협의회,,
2026-05-11,089590,iM증권,buy,8500
2026-05-11,089590,하나증권,,
2026-05-11,089860,유진투자증권,buy,46000
2026-05-11,089860,하나증권,buy,42000
2026-05-11,095610,SK증권,buy,150000
2026-05-11,095660,미래에셋증권,buy,26000
2026-05-11,096530,미래에셋증권,buy,44000
2026-05-11,096770,iM증권,buy,190000
2026-05-11,120110,IBK투자증권,buy,111000
2026-05-11,120110,KB증권,buy,118000
2026-05-11,120110,하나증권,buy,110000
2026-05-11,121600,iM증권,buy,110000
2026-05-11,122870,KB증권,buy,70000
2026-05-11,122870,SK증권,buy,82000
2026-05-11,122870,교보증권,buy,80000
2026-05-11,122870,유진투자증권,buy,78000
2026-05-11,122870,키움증권,buy,85000
2026-05-11,122870,하나증권,buy,76000
2026-05-11,161390,DS투자증권,buy,83000
2026-05-11,161390,대신증권,buy,93000
2026-05-11,161390,메리츠증권,buy,90000
2026-05-11,161390,유진투자증권,buy,80000
2026-05-11,161390,하나증권,buy,80000
2026-05-11,161890,KB증권,buy,130000
2026-05-11,161890,SK증권,buy,120000
2026-05-11,161890,교보증권,buy,130000
2026-05-11,161890,미래에셋증권,buy,120000
2026-05-11,161890,신한투자증권,buy,123000
2026-05-11,161890,유안타증권,buy,125000
2026-05-11,161890,유진투자증권,buy,120000
2026-05-11,178320,iM증권,buy,77000
2026-05-11,189300,iM증권,,
2026-05-11,196170,신한투자증권,buy,570000
2026-05-11,204320,KB증권,buy,82000
2026-05-11,214180,유진투자증권,buy,28000
2026-05-11,214320,대신증권,buy,27000
2026-05-11,214320,유진투자증권,buy,26000
2026-05-11,214450,LS증권,buy,44000
2026-05-11,214450,대신증권,buy,620000
2026-05-11,214450,미래에셋증권,buy,600000
2026-05-11,214450,신한투자증권,buy,430000
2026-05-11,214450,유안타증권,buy,450000
2026-05-11,214450,키움증권,buy,440000
2026-05-11,215200,LS증권,buy,60000
2026-05-11,240810,SK증권,buy,180000
2026-05-11,240810,메리츠증권,buy,176000
2026-05-11,241710,KB증권,buy,120000
2026-05-11,241710,교보증권,buy,130000
2026-05-11,241710,미래에셋증권,buy,120000
2026-05-11,241710,한화투자증권,buy,120000
2026-05-11,241710,한화투자증권,,120000
2026-05-11,253450,대신증권,buy,54000
2026-05-11,253450,키움증권,buy,50000
2026-05-11,272290,신한투자증권,buy,45000
2026-05-11,280360,LS증권,buy,160000
2026-05-11,280360,교보증권,buy,175000
2026-05-11,280360,신한투자증권,buy,160000
2026-05-11,280360,키움증권,buy,170000
2026-05-11,280360,하나증권,buy,200000
2026-05-11,280360,한화투자증권,buy,190000
2026-05-11,282330,대신증권,buy,170000
2026-05-11,352820,KB증권,positive,
2026-05-11,373220,iM증권,buy,620000
2026-05-11,376300,키움증권,buy,50000
2026-05-11,444530,KB증권,,
2026-05-11,499790,키움증권,buy,70000
2026-05-12,000660,KB증권,buy,2800000
2026-05-12,000990,DS투자증권,buy,210000
2026-05-12,003490,KB증권,buy,36000
2026-05-12,003670,교보증권,buy,320000
2026-05-12,006800,KB증권,hold,71000
2026-05-12,010950,IBK투자증권,buy,150000
2026-05-12,010950,iM증권,buy,135000
2026-05-12,010950,미래에셋증권,buy,135000
2026-05-12,010950,신한투자증권,buy,140000
2026-05-12,010950,유진투자증권,buy,126000
2026-05-12,010950,하나증권,buy,130000
2026-05-12,010950,한화투자증권,buy,150000
2026-05-12,011170,iM증권,buy,130000
2026-05-12,011170,미래에셋증권,hold,112000
2026-05-12,011170,신한투자증권,buy,135000
2026-05-12,011170,하나증권,buy,120000
2026-05-12,011170,한화투자증권,buy,130000
2026-05-12,012450,KB증권,buy,1750000
2026-05-12,016360,LS증권,hold,150000
2026-05-12,016360,SK증권,buy,170000
2026-05-12,016360,iM증권,buy,160000
2026-05-12,016360,대신증권,hold,148000
2026-05-12,016360,신한투자증권,buy,155000
2026-05-12,016360,키움증권,buy,180000
2026-05-12,016360,하나증권,buy,175000
2026-05-12,020150,DS투자증권,buy,100000
2026-05-12,020150,IBK투자증권,,80000
2026-05-12,020150,SK증권,buy,90000
2026-05-12,020150,신한투자증권,buy,92000
2026-05-12,020150,하나증권,buy,89100
2026-05-12,023530,교보증권,buy,200000
2026-05-12,023530,대신증권,buy,200000
2026-05-12,023530,미래에셋증권,buy,190000
2026-05-12,023530,신한투자증권,buy,170000
2026-05-12,023530,유진투자증권,buy,180000
2026-05-12,023530,키움증권,buy,190000
2026-05-12,023530,한화투자증권,buy,220000
2026-05-12,030200,KB증권,buy,80000
2026-05-12,030200,KB증권,,75000
2026-05-12,051600,KB증권,buy,69000
2026-05-12,051600,LS증권,buy,70000
2026-05-12,051600,대신증권,buy,72000
2026-05-12,051600,하나증권,buy,68000
2026-05-12,052690,미래에셋증권,buy,200000
2026-05-12,052690,유진투자증권,buy,200000
2026-05-12,058610,KB증권,,
2026-05-12,064350,KB증권,buy,310000
2026-05-12,064350,KB증권,positive,
2026-05-12,066570,유진투자증권,buy,195000
2026-05-12,074600,신한투자증권,buy,60000
2026-05-12,079550,KB증권,buy,1100000
2026-05-12,088350,KB증권,hold,5400
2026-05-12,095660,유진투자증권,buy,28000
2026-05-12,095660,하나증권,buy,36000
2026-05-12,097950,KB증권,buy,280000
2026-05-12,097950,KB증권,,290000
2026-05-12,108490,KB증권,,
2026-05-12,353200,SK증권,투자의견없음,
2026-05-12,388210,신한투자증권,buy,200000
2026-05-12,393890,KB증권,buy,24000
2026-05-12,393890,미래에셋증권,buy,26000
2026-05-12,462870,교보증권,buy,42000
2026-05-12,462870,미래에셋증권,buy,48000
2026-05-12,476060,키움증권,buy,30000
2026-05-12,482630,대신증권,buy,29000
2026-05-12,483650,KB증권,,230000
2026-05-13,000120,KB증권,buy,130000
2026-05-13,000370,iM증권,buy,8000
2026-05-13,000370,신한투자증권,,7000
2026-05-13,000370,한화투자증권,buy,9500
2026-05-13,002350,DS투자증권,buy,11000
2026-05-13,003230,KB증권,buy,1950000
2026-05-13,004170,IBK투자증권,buy,530000
2026-05-13,004170,교보증권,buy,600000
2026-05-13,004170,대신증권,buy,600000
2026-05-13,004170,미래에셋증권,buy,600000
2026-05-13,004170,신한투자증권,buy,560000
2026-05-13,004170,유진투자증권,buy,560000
2026-05-13,004170,키움증권,buy,600000
2026-05-13,004170,한화투자증권,buy,660000
2026-05-13,005690,DS투자증권,buy,26000
2026-05-13,005690,메리츠증권,,
2026-05-13,005690,유진투자증권,buy,26000
2026-05-13,006800,LS증권,hold,75000
2026-05-13,006800,SK증권,hold,
2026-05-13,006800,iM증권,hold,65000
2026-05-13,006800,대신증권,hold,62000
2026-05-13,006800,신한투자증권,,74000
2026-05-13,006800,유안타증권,buy,93000
2026-05-13,006800,키움증권,buy,90000
2026-05-13,006800,하나증권,,
2026-05-13,006800,하나증권,buy,95000
2026-05-13,009240,LS증권,buy,45000
2026-05-13,009240,신한투자증권,buy,50000
2026-05-13,010950,메리츠증권,buy,125000
2026-05-13,011070,SK증권,buy,1000000
2026-05-13,011170,메리츠증권,buy,125000
2026-05-13,011170,유진투자증권,buy,115000
2026-05-13,011200,KB증권,hold,20000
2026-05-13,015760,KB증권,,63000
2026-05-13,017670,KB증권,positive,
2026-05-13,020150,메리츠증권,,
2026-05-13,030200,IBK투자증권,buy,75000
2026-05-13,030200,대신증권,buy,74000
2026-05-13,030200,미래에셋증권,buy,73000
2026-05-13,030200,신한투자증권,buy,77000
2026-05-13,030200,유안타증권,buy,73000
2026-05-13,030200,유진투자증권,buy,73000
2026-05-13,031430,대신증권,buy,22000
2026-05-13,031430,신한투자증권,buy,20000
2026-05-13,039130,KB증권,buy,47000
2026-05-13,043150,유진투자증권,buy,31000
2026-05-13,051600,유진투자증권,buy,67000
2026-05-13,064400,LS증권,buy,96000
2026-05-13,069620,교보증권,buy,200000
2026-05-13,069620,키움증권,buy,190000
2026-05-13,078930,KB증권,buy,115000
2026-05-13,082920,신한투자증권,buy,70000
2026-05-13,085910,메리츠증권,투자의견없음,
2026-05-13,088350,LS증권,buy,5800
2026-05-13,088350,iM증권,buy,5900
2026-05-13,088350,신한투자증권,,5300
2026-05-13,088350,키움증권,buy,8500
2026-05-13,088350,한화투자증권,buy,6100
2026-05-13,096770,KB증권,buy,180000
2026-05-13,096770,KB증권,,180000
2026-05-13,097520,대신증권,buy,34000
2026-05-13,097950,LS증권,buy,270000
2026-05-13,097950,교보증권,buy,270000
2026-05-13,097950,신한투자증권,buy,280000
2026-05-13,097950,키움증권,buy,310000
2026-05-13,097950,하나증권,buy,300000
2026-05-13,097950,한화투자증권,buy,300000
2026-05-13,100090,KB증권,buy,25000
2026-05-13,100090,교보증권,buy,25000
2026-05-13,100090,미래에셋증권,,25000
2026-05-13,100090,유진투자증권,buy,27000
2026-05-13,100090,하나증권,buy,25000
2026-05-13,112040,미래에셋증권,buy,30000
2026-05-13,114090,유진투자증권,buy,16000
2026-05-13,114090,하나증권,buy,16000
2026-05-13,145720,키움증권,buy,70000
2026-05-13,161390,LS증권,buy,93000
2026-05-13,181710,교보증권,buy,49000
2026-05-13,181710,메리츠증권,buy,54000
2026-05-13,181710,한화투자증권,buy,48000
2026-05-13,192820,교보증권,buy,260000
2026-05-13,192820,미래에셋증권,buy,270000
2026-05-13,192820,신한투자증권,,240000
2026-05-13,192820,한화투자증권,buy,250000
2026-05-13,196170,하나증권,buy,580000
2026-05-13,213420,iM증권,buy,70000
2026-05-13,213420,신한투자증권,buy,65000
2026-05-13,228850,LS증권,buy,9000
2026-05-13,228850,유진투자증권,buy,7800
2026-05-13,252990,한국IR협의회,,
2026-05-13,263750,DS투자증권,buy,100000
2026-05-13,263750,메리츠증권,buy,100000
2026-05-13,263750,유진투자증권,buy,72000
2026-05-13,263750,한화투자증권,buy,72000
2026-05-13,272450,하나증권,buy,7000
2026-05-13,339770,유진투자증권,buy,6300
2026-05-13,356860,교보증권,buy,120000
2026-05-13,356860,신한투자증권,buy,120000
2026-05-13,389650,미래에셋증권,,
2026-05-13,405100,KB증권,,
2026-05-13,418420,메리츠증권,투자의견없음,
2026-05-13,458870,미래에셋증권,,
2026-05-13,458870,신한투자증권,,
2026-05-13,483650,KB증권,buy,230000
2026-05-13,483650,교보증권,buy,290000
2026-05-13,483650,신한투자증권,buy,310000
2026-05-13,494120,미래에셋증권,,
2026-05-14,000120,LS증권,buy,120000
2026-05-14,000120,iM증권,buy,140000
2026-05-14,000120,미래에셋증권,buy,140000
2026-05-14,000120,신한투자증권,buy,135000
2026-05-14,000120,하나증권,buy,120000
2026-05-14,000270,대신증권,buy,240000
2026-05-14,000810,KB증권,buy,640000
2026-05-14,002380,삼성증권,buy,800000
2026-05-14,003230,DS투자증권,buy,1900000
2026-05-14,003230,LS증권,buy,1800000
2026-05-14,003230,교보증권,buy,1860000
2026-05-14,003230,메리츠증권,투자의견없음,
2026-05-14,003230,신한투자증권,buy,1750000
2026-05-14,003230,유안타증권,buy,2000000
2026-05-14,003230,키움증권,buy,1850000
2026-05-14,003230,하나증권,buy,1800000
2026-05-14,003230,한화투자증권,buy,2000000
2026-05-14,003490,KB증권,buy,36000
2026-05-14,004170,삼성증권,buy,565000
2026-05-14,009150,KB증권,buy,1400000
2026-05-14,009150,SK증권,buy,1500000
2026-05-14,010780,하나증권,buy,50000
2026-05-14,011200,LS증권,buy,23000
2026-05-14,011200,iM증권,buy,23000
2026-05-14,011200,미래에셋증권,buy,24000
2026-05-14,011200,상상인증권,hold,22000
2026-05-14,011200,신한투자증권,hold,
2026-05-14,011200,하나증권,hold,21000
2026-05-14,011780,삼성증권,buy,175000
2026-05-14,012450,대신증권,buy,1750000
2026-05-14,015760,KB증권,buy,63000
2026-05-14,015760,LS증권,buy,50000
2026-05-14,015760,SK증권,hold,40000
2026-05-14,015760,iM증권,buy,53000
2026-05-14,015760,대신증권,buy,62000
2026-05-14,015760,메리츠증권,buy,65000
2026-05-14,015760,유진투자증권,buy,92000
2026-05-14,015760,키움증권,buy,48000
2026-05-14,015760,하나증권,hold,45000
2026-05-14,030200,하나증권,buy,76000
2026-05-14,031430,SK증권,buy,20000
2026-05-14,032350,KB증권,buy,28000
2026-05-14,032830,KB증권,hold,320000
2026-05-14,032830,KB증권,,220000
2026-05-14,035720,삼성증권,buy,60000
2026-05-14,035760,삼성증권,buy,71000
2026-05-14,035900,KB증권,buy,90000
2026-05-14,036460,KB증권,buy,48000
2026-05-14,036460,LS증권,buy,47000
2026-05-14,036460,대신증권,buy,42000
2026-05-14,036460,메리츠증권,buy,54000
2026-05-14,036460,유진투자증권,buy,59000
2026-05-14,036460,하나증권,buy,55000
2026-05-14,036570,교보증권,buy,375000
2026-05-14,036570,메리츠증권,buy,330000
2026-05-14,036570,미래에셋증권,buy,400000
2026-05-14,036570,유안타증권,buy,360000
2026-05-14,036570,유진투자증권,buy,380000
2026-05-14,036570,키움증권,buy,430000
2026-05-14,036570,하나증권,buy,420000
2026-05-14,036570,한화투자증권,buy,350000
2026-05-14,036620,SK증권,buy,8100
2026-05-14,037560,SK증권,hold,2400
2026-05-14,039130,키움증권,buy,54000
2026-05-14,039130,하나증권,buy,55000
2026-05-14,041510,삼성증권,buy,133000
2026-05-14,043150,LS증권,buy,28000
2026-05-14,043150,미래에셋증권,buy,28500
2026-05-14,064260,미래에셋증권,,
2026-05-14,064400,KB증권,buy,90000
2026-05-14,064850,유진투자증권,,
2026-05-14,066570,하나증권,buy,230000
2026-05-14,071050,KB증권,buy,350000
2026-05-14,078930,유진투자증권,buy,80000
2026-05-14,083500,SK증권,buy,30000
2026-05-14,088350,하나증권,buy,7300
2026-05-14,094360,한화투자증권,buy,24000
2026-05-14,095610,메리츠증권,buy,170000
2026-05-14,095610,하나증권,buy,176000
2026-05-14,096770,iM증권,buy,190000
2026-05-14,096770,신한투자증권,buy,170000
2026-05-14,096770,유진투자증권,buy,160000
2026-05-14,096770,하나증권,buy,170000
2026-05-14,096770,한화투자증권,buy,190000
2026-05-14,097520,메리츠증권,buy,33000
2026-05-14,111770,KB증권,buy,120000
2026-05-14,112610,삼성증권,buy,79000
2026-05-14,114090,키움증권,buy,16000
2026-05-14,123330,유안타증권,,
2026-05-14,124560,한국IR협의회,,
2026-05-14,139480,IBK투자증권,buy,120000
2026-05-14,139480,교보증권,buy,130000
2026-05-14,139480,신한투자증권,buy,140000
2026-05-14,139480,키움증권,,
2026-05-14,139480,한화투자증권,buy,130000
2026-05-14,145720,미래에셋증권,buy,80000
2026-05-14,192080,교보증권,buy,70000
2026-05-14,192080,유진투자증권,buy,78000
2026-05-14,192080,하나증권,buy,80000
2026-05-14,192820,SK증권,buy,250000
2026-05-14,196170,신한투자증권,buy,620000
2026-05-14,214150,교보증권,buy,70000
2026-05-14,214150,대신증권,buy,81000
2026-05-14,214150,미래에셋증권,buy,80000
2026-05-14,214150,신한투자증권,buy,87000
2026-05-14,214150,유진투자증권,buy,75000
2026-05-14,214150,키움증권,buy,72000
2026-05-14,214320,키움증권,buy,26000
2026-05-14,251270,삼성증권,buy,59000
2026-05-14,253450,삼성증권,buy,47000
2026-05-14,257720,SK증권,buy,57000
2026-05-14,267250,키움증권,buy,400000
2026-05-14,272450,상상인증권,buy,8000
2026-05-14,328130,키움증권,,
2026-05-14,361610,KB증권,,22000
2026-05-14,376300,삼성증권,buy,45000
2026-05-14,388210,유진투자증권,buy,220000
2026-05-14,405100,유안타증권,,
2026-05-14,417840,한화투자증권,buy,27000
2026-05-14,483650,유진투자증권,buy,320000
2026-05-15,000660,KB증권,buy,3000000
2026-05-15,000810,LS증권,buy,650000
2026-05-15,000810,iM증권,buy,630000
2026-05-15,000810,대신증권,buy,620000
2026-05-15,000810,미래에셋증권,hold,600000
2026-05-15,000810,신한투자증권,buy,685000
2026-05-15,000810,키움증권,buy,750000
2026-05-15,000810,한화투자증권,buy,650000
2026-05-15,001450,KB증권,buy,41000
2026-05-15,001740,하나증권,buy,10000
2026-05-15,003550,대신증권,buy,130000
2026-05-15,004370,KB증권,buy,550000
2026-05-15,005830,KB증권,hold,183000
2026-05-15,005830,KB증권,,183000
2026-05-15,005930,KB증권,buy,450000
2026-05-15,010950,KB증권,positive,
2026-05-15,011780,IBK투자증권,buy,190000
2026-05-15,012450,하나증권,buy,1860000
2026-05-15,020150,키움증권,buy,82000
2026-05-15,030190,LS증권,buy,20000
2026-05-15,030520,유진투자증권,buy,35000
2026-05-15,032350,유진투자증권,buy,32000
2026-05-15,032350,키움증권,buy,28000
2026-05-15,032350,하나증권,buy,28000
2026-05-15,032830,LS증권,hold,360000
2026-05-15,032830,iM증권,buy,380000
2026-05-15,032830,대신증권,hold,278000
2026-05-15,032830,메리츠증권,buy,400000
2026-05-15,032830,신한투자증권,buy,500000
2026-05-15,032830,키움증권,buy,400000
2026-05-15,032830,한화투자증권,hold,312000
2026-05-15,034730,KB증권,positive,
2026-05-15,035900,LS증권,buy,91000
2026-05-15,035900,SK증권,buy,92000
2026-05-15,035900,iM증권,buy,90000
2026-05-15,035900,교보증권,buy,95000
2026-05-15,035900,신한투자증권,buy,96000
2026-05-15,035900,유진투자증권,buy,88000
2026-05-15,035900,키움증권,buy,100000
2026-05-15,035900,하나증권,buy,90000
2026-05-15,036800,LS증권,buy,40000
2026-05-15,049720,한국IR협의회,,
2026-05-15,051600,교보증권,buy,66000
2026-05-15,052960,서울평가정보,,
2026-05-15,053610,LS증권,,
2026-05-15,067310,메리츠증권,투자의견없음,
2026-05-15,068270,신한투자증권,buy,290000
2026-05-15,069620,미래에셋증권,buy,200000
2026-05-15,071050,SK증권,buy,410000
2026-05-15,071050,iM증권,buy,310000
2026-05-15,071050,대신증권,buy,335000
2026-05-15,071050,메리츠증권,buy,365000
2026-05-15,071050,신한투자증권,buy,350000
2026-05-15,078600,키움증권,buy,200000
2026-05-15,081660,KB증권,buy,60000
2026-05-15,092130,LS증권,buy,21000
2026-05-15,111770,대신증권,buy,140000
2026-05-15,131970,DS투자증권,buy,220000
2026-05-15,131970,한국IR협의회,,
2026-05-15,138040,신한투자증권,buy,133000
2026-05-15,140860,대신증권,buy,360000
2026-05-15,140860,메리츠증권,buy,350000
2026-05-15,166090,대신증권,buy,106000
2026-05-15,189300,키움증권,buy,200000
2026-05-15,228670,키움증권,,
2026-05-15,232140,한화투자증권,buy,25000
2026-05-15,233990,NICE평가정보,,
2026-05-15,248070,KB증권,buy,27000
2026-05-15,249420,상상인증권,buy,36000
2026-05-15,267270,하나증권,,
2026-05-15,351020,서울평가정보,,
2026-05-15,352820,메리츠증권,buy,390000
2026-05-15,361610,IBK투자증권,hold,20000
2026-05-15,361610,SK증권,buy,33500
2026-05-15,361610,유진투자증권,hold,22500
2026-05-15,361610,한화투자증권,hold,21000
2026-05-15,372910,SK증권,,
2026-05-15,372910,유진투자증권,,
2026-05-15,381970,유진투자증권,buy,14000
2026-05-15,475150,하나증권,buy,60000
2026-05-18,000080,미래에셋증권,,
2026-05-18,000150,메리츠증권,투자의견없음,
2026-05-18,000370,교보증권,buy,8300
2026-05-18,000660,iM증권,buy,2760000
2026-05-18,000660,미래에셋증권,buy,3200000
2026-05-18,000810,교보증권,buy,620000
2026-05-18,001040,DS투자증권,buy,310000
2026-05-18,001040,하나증권,buy,240000
2026-05-18,001450,LS증권,buy,42000
2026-05-18,001450,iM증권,buy,40000
2026-05-18,001450,교보증권,buy,38000
2026-05-18,001450,대신증권,buy,48000
2026-05-18,001450,미래에셋증권,hold,32000
2026-05-18,001450,신한투자증권,buy,45000
2026-05-18,001450,한화투자증권,buy,43000
2026-05-18,001530,유진투자증권,buy,40000
2026-05-18,001740,iM증권,buy,11000
2026-05-18,002020,한화투자증권,buy,100000
2026-05-18,003550,대신증권,buy,130000
2026-05-18,003690,iM증권,buy,16000
2026-05-18,003690,미래에셋증권,hold,14000
2026-05-18,003690,한화투자증권,buy,19000
2026-05-18,004370,LS증권,buy,530000
2026-05-18,004370,신한투자증권,buy,570000
2026-05-18,004370,유안타증권,buy,530000
2026-05-18,004370,키움증권,,
2026-05-18,004370,하나증권,buy,540000
2026-05-18,004370,한화투자증권,buy,550000
2026-05-18,005070,IBK투자증권,,53000
2026-05-18,005380,메리츠증권,buy,950000
2026-05-18,005830,LS증권,buy,200000
2026-05-18,005830,iM증권,buy,220000
2026-05-18,005830,교보증권,buy,219000
2026-05-18,005830,대신증권,buy,200000
2026-05-18,005830,신한투자증권,buy,220000
2026-05-18,005830,한화투자증권,buy,256000
2026-05-18,005850,교보증권,buy,90000
2026-05-18,005850,하나증권,buy,85000
2026-05-18,005850,한화투자증권,buy,89000
2026-05-18,005880,신한투자증권,buy,3000
2026-05-18,005930,iM증권,buy,400000
2026-05-18,005940,미래에셋증권,buy,44000
2026-05-18,006260,대신증권,buy,630000
2026-05-18,006730,하나증권,buy,21000
2026-05-18,006800,교보증권,,80000
2026-05-18,007070,교보증권,buy,36000
2026-05-18,007660,SK증권,buy,180000
2026-05-18,007660,메리츠증권,buy,180000
2026-05-18,007660,유안타증권,buy,180000
2026-05-18,007660,하나증권,buy,180000
2026-05-18,009240,한화투자증권,buy,37000
2026-05-18,011070,메리츠증권,buy,810000
2026-05-18,011070,유안타증권,buy,850000
2026-05-18,016360,교보증권,buy,155000
2026-05-18,016360,미래에셋증권,buy,178000
2026-05-18,018670,메리츠증권,buy,370000
2026-05-18,018670,하나증권,buy,365000
2026-05-18,020000,한화투자증권,buy,37000
2026-05-18,032830,교보증권,,330000
2026-05-18,033240,대신증권,buy,62000
2026-05-18,034120,대신증권,buy,21000
2026-05-18,034120,하나증권,buy,20000
2026-05-18,034730,대신증권,buy,880000
2026-05-18,034730,하나증권,buy,560000
2026-05-18,034730,한화투자증권,buy,810000
2026-05-18,039030,신한투자증권,buy,580000
2026-05-18,042510,유진투자증권,,
2026-05-18,053580,유진투자증권,buy,13000
2026-05-18,060980,iM증권,,
2026-05-18,063570,LS증권,,7000
2026-05-18,071050,LS증권,buy,320000
2026-05-18,071050,교보증권,buy,300000
2026-05-18,077970,메리츠증권,buy,100000
2026-05-18,081660,SK증권,buy,50000
2026-05-18,081660,미래에셋증권,buy,60000
2026-05-18,081660,유진투자증권,buy,55000
2026-05-18,081660,한화투자증권,buy,68000
2026-05-18,086450,LS증권,buy,40000
2026-05-18,088350,교보증권,buy,7000
2026-05-18,089980,유진투자증권,buy,30000
2026-05-18,091580,유진투자증권,buy,35000
2026-05-18,093370,유진투자증권,buy,20000
2026-05-18,093520,LS증권,buy,33000
2026-05-18,097520,SK증권,buy,30000
2026-05-18,103590,유안타증권,buy,150000
2026-05-18,105630,SK증권,buy,13000
2026-05-18,105630,미래에셋증권,buy,13000
2026-05-18,111770,SK증권,buy,110000
2026-05-18,111770,미래에셋증권,buy,130000
2026-05-18,111770,한화투자증권,buy,130000
2026-05-18,130580,LS증권,buy,7000
2026-05-18,131290,LS증권,buy,270000
2026-05-18,131290,신한투자증권,buy,300000
2026-05-18,140860,대신증권,buy,360000
2026-05-18,178320,유진투자증권,buy,70000
2026-05-18,189300,메리츠증권,buy,175000
2026-05-18,189300,유진투자증권,buy,200000
2026-05-18,192820,유진투자증권,buy,250000
2026-05-18,194700,DS투자증권,buy,26000
2026-05-18,204620,SK증권,,
2026-05-18,213500,유진투자증권,buy,11000
2026-05-18,219130,메리츠증권,,
2026-05-18,243840,신한투자증권,buy,13000
2026-05-18,251970,KB증권,buy,55000
2026-05-18,263860,유진투자증권,,
2026-05-18,267250,대신증권,buy,410000
2026-05-18,271560,KB증권,buy,150000
2026-05-18,282330,교보증권,buy,176000
2026-05-18,282720,유진투자증권,buy,20000
2026-05-18,282880,유진투자증권,buy,22000
2026-05-18,295310,메리츠증권,,
2026-05-18,306200,상상인증권,buy,220000
2026-05-18,306200,하나증권,buy,200000
2026-05-18,306200,한화투자증권,buy,207000
2026-05-18,319660,대신증권,buy,150000
2026-05-18,340570,LS증권,buy,98000
2026-05-18,340570,키움증권,,
2026-05-18,347700,메리츠증권,,
2026-05-18,348210,대신증권,buy,85000
2026-05-18,354320,메리츠증권,buy,120000
2026-05-18,376300,유안타증권,buy,49000
2026-05-18,403870,대신증권,buy,63000
2026-05-18,451760,메리츠증권,buy,26700
2026-05-18,462350,메리츠증권,buy,22500
2026-05-18,474170,메리츠증권,buy,18500
2026-05-18,494120,한국IR협의회,,
2026-05-19,000880,SK증권,buy,170000
2026-05-19,001040,SK증권,buy,230000
2026-05-19,001040,대신증권,buy,260000
2026-05-19,003220,SK증권,buy,15000
2026-05-19,003540,SK증권,buy,42000
2026-05-19,003550,SK증권,buy,140000
2026-05-19,003850,SK증권,buy,14000
2026-05-19,004990,SK증권,buy,33000
2026-05-19,005440,SK증권,buy,18000
2026-05-19,006260,SK증권,buy,630000
2026-05-19,007070,유진투자증권,buy,34000
2026-05-19,007660,DS투자증권,buy,190000
2026-05-19,011070,KB증권,buy,1200000
2026-05-19,012450,iM증권,buy,1830000
2026-05-19,014680,DS투자증권,buy,400000
2026-05-19,015760,교보증권,,43000
2026-05-19,017960,DS투자증권,buy,59000
2026-05-19,028260,SK증권,buy,480000
2026-05-19,032500,하나증권,buy,70000
2026-05-19,033500,DS투자증권,buy,38000
2026-05-19,034730,SK증권,buy,660000
2026-05-19,039570,IBK투자증권,buy,10500
2026-05-19,049070,LS증권,buy,30000
2026-05-19,052690,교보증권,buy,192000
2026-05-19,058610,iM증권,buy,160000
2026-05-19,060720,대신증권,buy,17000
2026-05-19,060980,LS증권,buy,58000
2026-05-19,079550,iM증권,buy,1230000
2026-05-19,083650,유안타증권,buy,120000
2026-05-19,089010,신한투자증권,buy,49000
2026-05-19,089590,미래에셋증권,hold,5000
2026-05-19,090460,대신증권,buy,52000
2026-05-19,105630,한화투자증권,buy,12000
2026-05-19,105840,유안타증권,buy,32000
2026-05-19,122450,유진투자증권,,
2026-05-19,126700,유진투자증권,,
2026-05-19,173940,키움증권,,
2026-05-19,271560,LS증권,buy,170000
2026-05-19,271560,교보증권,buy,190000
2026-05-19,271560,신한투자증권,buy,160000
2026-05-19,271560,한화투자증권,buy,180000
2026-05-19,272210,iM증권,buy,134000
2026-05-19,272290,iM증권,,
2026-05-19,277810,iM증권,buy,915000
2026-05-19,402340,SK증권,buy,1450000
2026-05-19,419530,유진투자증권,buy,50000
2026-05-19,454910,iM증권,buy,145000
2026-05-19,456010,하나증권,buy,40000
2026-05-19,489790,SK증권,buy,100000
2026-05-19,494120,미래에셋증권,,
2026-05-20,003160,신한투자증권,buy,45000
2026-05-20,005830,iM증권,buy,220000
2026-05-20,005930,KB증권,buy,450000
2026-05-20,0126Z0,대신증권,buy,620000
2026-05-20,018670,KB증권,buy,390000
2026-05-20,031430,미래에셋증권,buy,19000
2026-05-20,033640,교보증권,buy,36000
2026-05-20,035600,교보증권,buy,13000
2026-05-20,050890,하나증권,buy,30000
2026-05-20,064760,교보증권,buy,360000
2026-05-20,068270,대신증권,buy,280000
2026-05-20,071050,iM증권,buy,310000
2026-05-20,111110,SK증권,buy,9500
2026-05-20,131970,교보증권,buy,190000
2026-05-20,161390,한화투자증권,buy,84000
2026-05-20,196170,대신증권,buy,500000
2026-05-20,200710,교보증권,buy,60000
2026-05-20,207940,대신증권,buy,2000000
2026-05-20,230240,하나증권,buy,50000
2026-05-20,237690,대신증권,buy,200000
2026-05-20,282330,유진투자증권,buy,180000
2026-05-20,318060,KB증권,,
2026-05-20,319660,교보증권,buy,150000
2026-05-20,381970,SK증권,buy,20000
2026-05-20,463020,한국IR협의회,,
2026-05-21,000660,신한투자증권,buy,3800000
2026-05-21,004000,KB증권,buy,67000
2026-05-21,005930,미래에셋증권,buy,480000
2026-05-21,005930,신한투자증권,buy,550000
2026-05-21,006800,SK증권,hold,69000
2026-05-21,009150,IBK투자증권,buy,1050000
2026-05-21,009150,KB증권,buy,1600000
2026-05-21,009150,iM증권,buy,1400000
2026-05-21,009150,하나증권,buy,1700000
2026-05-21,009420,IBK투자증권,buy,73000
2026-05-21,009420,미래에셋증권,buy,71000
2026-05-21,009450,신한투자증권,buy,89000
2026-05-21,010280,유진투자증권,,
2026-05-21,014620,IBK투자증권,buy,49000
2026-05-21,018670,DS투자증권,buy,380000
2026-05-21,032350,KB증권,,
2026-05-21,032350,신한투자증권,buy,32000
2026-05-21,035420,KB증권,positive,
2026-05-21,051500,IBK투자증권,buy,48000
2026-05-21,058470,키움증권,buy,120000
2026-05-21,072870,한국IR협의회,,
2026-05-21,073490,하나증권,buy,80000
2026-05-21,077360,메리츠증권,,
2026-05-21,086710,유안타증권,,
2026-05-21,095570,유진투자증권,buy,7000
2026-05-21,114840,유안타증권,,
2026-05-21,141080,iM증권,buy,200000
2026-05-21,192650,교보증권,buy,7000
2026-05-21,293490,한국IR협의회,,
2026-05-21,294570,유진투자증권,,
2026-05-21,317330,SK증권,,
2026-05-21,357230,유안타증권,,
2026-05-21,383220,유진투자증권,buy,100000
2026-05-21,418470,한국IR협의회,,
2026-05-21,430690,KB증권,,
2026-05-21,489500,신한투자증권,,
2026-05-22,006260,키움증권,buy,700000
2026-05-22,009150,메리츠증권,buy,1600000
2026-05-22,009420,교보증권,,
2026-05-22,010780,하나증권,buy,50000
2026-05-22,014790,IBK투자증권,buy,4000
2026-05-22,018260,미래에셋증권,buy,240000
2026-05-22,034020,SK증권,buy,135000
2026-05-22,035420,미래에셋증권,buy,280000
2026-05-22,035720,미래에셋증권,buy,58000
2026-05-22,039200,신한투자증권,,
2026-05-22,042000,미래에셋증권,buy,32000
2026-05-22,052690,SK증권,buy,168000
2026-05-22,058470,신한투자증권,buy,140000
2026-05-22,064400,미래에셋증권,buy,110000
2026-05-22,069620,DS투자증권,buy,190000
2026-05-22,077970,한국투자증권,,
2026-05-22,112190,NICE평가정보,,
2026-05-22,114090,유안타증권,buy,15000
2026-05-22,114810,한국IR협의회,,
2026-05-22,126340,DS투자증권,buy,177000
2026-05-22,138080,하나증권,buy,60000
2026-05-22,192080,신한투자증권,buy,100000
2026-05-22,212710,한국IR협의회,,
2026-05-22,213420,교보증권,buy,60000
2026-05-22,236030,서울평가정보,,
2026-05-22,252990,메리츠증권,,
2026-05-22,253610,NICE평가정보,,
2026-05-22,272110,한국IR협의회,,
2026-05-22,276240,서울평가정보,,
2026-05-22,278280,한국IR협의회,,
2026-05-22,311060,한국IR협의회,,
2026-05-22,352820,KB증권,positive,
2026-05-22,357780,교보증권,buy,580000
2026-05-22,464080,LS증권,,
2026-05-22,475960,키움증권,buy,76000
2026-05-26,003220,DS투자증권,buy,16000
2026-05-26,003570,SK증권,buy,77000
2026-05-26,009150,KB증권,buy,1600000
2026-05-26,009150,SK증권,buy,2000000
2026-05-26,009150,신한투자증권,buy,2000000
2026-05-26,010060,하나증권,buy,550000
2026-05-26,010140,한화투자증권,buy,40000
2026-05-26,010780,LS증권,buy,53000
2026-05-26,011070,하나증권,buy,1300000
2026-05-26,011170,KB증권,buy,105000
2026-05-26,013030,대신증권,,
2026-05-26,017960,IBK투자증권,buy,51000
2026-05-26,023160,대신증권,,
2026-05-26,028260,iM증권,buy,550000
2026-05-26,031210,LS증권,,
2026-05-26,042660,IBK투자증권,buy,141000
2026-05-26,043260,iM증권,,
2026-05-26,044490,iM증권,,
2026-05-26,050890,미래에셋증권,buy,27000
2026-05-26,073490,미래에셋증권,,
2026-05-26,075580,IBK투자증권,buy,21000
2026-05-26,079900,유진투자증권,buy,72000
2026-05-26,081660,신한투자증권,buy,58000
2026-05-26,082740,IBK투자증권,buy,87000
2026-05-26,083650,iM증권,,
2026-05-26,086390,한화투자증권,buy,25000
2026-05-26,095340,한화투자증권,buy,300000
2026-05-26,100840,LS증권,buy,70000
2026-05-26,111770,유진투자증권,buy,120000
2026-05-26,131970,메리츠증권,buy,190000
2026-05-26,145720,DS투자증권,buy,70000
2026-05-26,148150,메리츠증권,buy,6500
2026-05-26,161890,유안타증권,buy,125000
2026-05-26,183300,미래에셋증권,buy,240000
2026-05-26,185750,DS투자증권,buy,110000
2026-05-26,192820,유안타증권,buy,230000
2026-05-26,214450,대신증권,buy,620000
2026-05-26,230240,미래에셋증권,buy,52000
2026-05-26,248070,미래에셋증권,buy,28000
2026-05-26,257720,유안타증권,buy,56000
2026-05-26,272450,신한투자증권,buy,8000
2026-05-26,326030,DS투자증권,buy,145000
2026-05-26,329180,IBK투자증권,buy,816000
2026-05-26,336260,유진투자증권,buy,120000
2026-05-26,357780,미래에셋증권,buy,600000
2026-05-26,365340,유진투자증권,buy,94000
2026-05-26,388610,한국IR협의회,,
2026-05-26,389020,미래에셋증권,buy,60000
2026-05-26,402340,대신증권,buy,1500000
2026-05-26,476830,유안타증권,,
2026-05-26,483650,유안타증권,,
2026-05-27,000660,미래에셋증권,buy,3800000
2026-05-27,000660,현대차증권,buy,2650000
2026-05-27,005930,미래에셋증권,buy,550000
2026-05-27,009150,KB증권,buy,2200000
2026-05-27,009150,메리츠증권,buy,1900000
2026-05-27,009420,현대차증권,buy,85000
2026-05-27,011070,KB증권,buy,1600000
2026-05-27,013030,대신증권,,
2026-05-27,018260,KB증권,buy,230000
2026-05-27,034120,DS투자증권,buy,20000
2026-05-27,034730,SK증권,buy,800000
2026-05-27,052710,IBK투자증권,buy,42000
2026-05-27,068270,IBK투자증권,buy,250000
2026-05-27,070960,DS투자증권,buy,4600
2026-05-27,097230,DS투자증권,buy,37000
2026-05-27,105630,유진투자증권,hold,10000
2026-05-27,122900,IBK투자증권,buy,13000
2026-05-27,126720,DS투자증권,buy,41000
2026-05-27,138040,대신증권,hold,140000
2026-05-27,140860,신한투자증권,buy,370000
2026-05-27,181710,메리츠증권,buy,54000
2026-05-27,207940,KB증권,positive,
2026-05-27,286940,DS투자증권,buy,25000
2026-05-27,328130,미래에셋증권,,
2026-05-27,340450,한국IR협의회,,
2026-05-27,380550,미래에셋증권,,
2026-05-27,403550,DS투자증권,buy,20000
2026-05-27,405100,KB증권,buy,30000
2026-05-27,452430,유진투자증권,,
2026-05-27,456010,하나증권,buy,60000
2026-05-28,000640,SK증권,buy,150000
2026-05-28,001250,DS투자증권,buy,4300
2026-05-28,003070,iM증권,,
2026-05-28,004990,IBK투자증권,buy,40000
2026-05-28,005380,KB증권,buy,1200000
2026-05-28,005380,신한투자증권,buy,800000
2026-05-28,005930,KB증권,buy,530000
2026-05-28,006280,DS투자증권,buy,200000
2026-05-28,006280,키움증권,buy,210000
2026-05-28,009450,DS투자증권,buy,110000
2026-05-28,012330,신한투자증권,buy,900000
2026-05-28,014830,DS투자증권,buy,100000
2026-05-28,017670,하나증권,buy,140000
2026-05-28,030200,하나증권,buy,76000
2026-05-28,032640,하나증권,buy,20000
2026-05-28,036800,한국IR협의회,,
2026-05-28,041830,미래에셋증권,buy,74000
2026-05-28,053210,KB증권,buy,7000
2026-05-28,064400,KB증권,buy,105000
2026-05-28,067310,메리츠증권,buy,56000
2026-05-28,083650,IBK투자증권,buy,140000
2026-05-28,086710,한국IR협의회,,
2026-05-28,111380,DS투자증권,buy,24000
2026-05-28,140070,한국IR협의회,,
2026-05-28,195870,DS투자증권,buy,120000
2026-05-28,195870,메리츠증권,buy,113000
2026-05-28,204270,유진투자증권,buy,26000
2026-05-28,215200,한국IR협의회,,
2026-05-28,217590,유진투자증권,,
2026-05-28,241590,DS투자증권,buy,5000
2026-05-28,248070,DS투자증권,buy,29000
2026-05-28,249420,SK증권,buy,40000
2026-05-28,259630,키움증권,,
2026-05-28,270660,한국IR협의회,,
2026-05-28,278470,DS투자증권,buy,610000
2026-05-28,290740,유진투자증권,,
2026-05-28,298050,KB증권,buy,270000
2026-05-28,330860,LS증권,buy,82000
2026-05-28,347850,교보증권,,
2026-05-28,347850,키움증권,,
2026-05-28,357780,대신증권,buy,530000
2026-05-28,444530,신한투자증권,,
2026-05-28,459100,한국IR협의회,,
2026-05-28,461030,미래에셋증권,,
2026-05-28,475460,한국IR협의회,,
2026-05-28,475580,한국IR협의회,,
2026-05-28,491000,미래에셋증권,,
2026-05-29,000660,KB증권,buy,3800000
2026-05-29,003670,하나증권,buy,294000
2026-05-29,004150,DS투자증권,buy,4600
2026-05-29,009420,신한투자증권,buy,130000
2026-05-29,011070,메리츠증권,buy,1300000
2026-05-29,017670,KB증권,positive,
2026-05-29,017670,KB증권,buy,130000
2026-05-29,017940,하나증권,buy,145000
2026-05-29,033270,유안타증권,buy,27000
2026-05-29,034230,유안타증권,buy,20000
2026-05-29,035420,키움증권,buy,250000
2026-05-29,051370,한국IR협의회,,
2026-05-29,051900,유진투자증권,hold,290000
2026-05-29,051900,유진투자증권,buy,290000
2026-05-29,060980,하나증권,buy,55000
2026-05-29,061090,하나증권,buy,80000
2026-05-29,079900,DS투자증권,buy,64000
2026-05-29,081180,유안타증권,,
2026-05-29,090430,유진투자증권,buy,150000
2026-05-29,094360,IBK투자증권,,
2026-05-29,095660,신한투자증권,buy,23000
2026-05-29,096250,한국IR협의회,,
2026-05-29,100130,KB증권,hold,2000
2026-05-29,129920,유안타증권,,
2026-05-29,183300,한국IR협의회,,
2026-05-29,186230,서울평가정보,,
2026-05-29,205500,서울평가정보,,
2026-05-29,234340,한국IR협의회,,
2026-05-29,245450,NICE평가정보,,
2026-05-29,248070,유안타증권,,
2026-05-29,263860,유안타증권,,
2026-05-29,300080,KB증권,,
2026-05-29,394800,한국IR협의회,,
2026-05-29,417840,SK증권,,
2026-05-29,454910,DS투자증권,hold,92000
2026-05-29,477850,KB증권,,
2026-06-01,000660,미래에셋증권,buy,3800000
2026-06-01,000720,KB증권,positive,
2026-06-01,001680,교보증권,buy,34000
2026-06-01,003550,키움증권,buy,200000
2026-06-01,005160,한국IR협의회,,
2026-06-01,005930,KB증권,,
2026-06-01,005930,KB증권,positive,
2026-06-01,005930,미래에셋증권,buy,550000
2026-06-01,006260,대신증권,buy,630000
2026-06-01,006730,iM증권,,
2026-06-01,009150,미래에셋증권,buy,2800000
2026-06-01,009830,유안타증권,hold,35900
2026-06-01,016360,KB증권,positive,
2026-06-01,020000,한국IR협의회,,
2026-06-01,042520,유안타증권,,
2026-06-01,064350,LS증권,buy,330000
2026-06-01,064350,유진투자증권,buy,316000
2026-06-01,085910,메리츠증권,,
2026-06-01,122870,신한투자증권,buy,65000
2026-06-01,128940,KB증권,buy,630000
2026-06-01,181710,KB증권,buy,76000
2026-06-01,214450,대신증권,buy,620000
2026-06-01,290650,유안타증권,,
2026-06-01,299030,유진투자증권,,
2026-06-01,347850,신한투자증권,,
2026-06-01,356860,SK증권,,
2026-06-01,383310,DS투자증권,buy,45000
2026-06-01,462310,KB증권,,
2026-06-02,003000,한국IR협의회,,
2026-06-02,006260,대신증권,buy,630000
2026-06-02,012330,KB증권,buy,1200000
2026-06-02,012330,메리츠증권,buy,900000
2026-06-02,017670,KB증권,,
2026-06-02,032500,하나증권,buy,70000
2026-06-02,049720,iM증권,,
2026-06-02,088280,KB증권,,
2026-06-02,128940,DS투자증권,buy,680000
2026-06-02,128940,IBK투자증권,,
2026-06-02,128940,메리츠증권,buy,690000
2026-06-02,128940,신한투자증권,buy,560000
2026-06-02,128940,키움증권,buy,660000
2026-06-02,142210,키움증권,,
2026-06-02,170920,신한투자증권,buy,60000
2026-06-02,196170,대신증권,buy,500000
2026-06-02,214450,대신증권,buy,620000
2026-06-02,226950,신한투자증권,,
2026-06-02,226950,하나증권,,
2026-06-02,365330,KB증권,,
2026-06-02,389650,미래에셋증권,,
2026-06-04,003230,KB증권,positive,
2026-06-04,028260,SK증권,buy,590000
2026-06-04,035900,한국IR협의회,,
2026-06-04,036800,LS증권,buy,40000
2026-06-04,039200,교보증권,,
2026-06-04,039200,신한투자증권,,
2026-06-04,051910,KB증권,buy,470000
2026-06-04,061090,KB증권,,
2026-06-04,074600,한국IR협의회,,
2026-06-04,128940,교보증권,buy,700000
2026-06-04,128940,미래에셋증권,buy,700000
2026-06-04,226950,교보증권,,
2026-06-04,230240,하나증권,buy,50000
2026-06-04,304360,미래에셋증권,,
2026-06-04,352820,KB증권,positive,
2026-06-04,373220,KB증권,buy,580000
2026-06-04,417200,KB증권,,
2026-06-05,001680,하나증권,buy,35000
2026-06-05,006400,LS증권,hold,531000
2026-06-05,009150,KB증권,positive,
2026-06-05,009150,미래에셋증권,buy,2800000
2026-06-05,011070,KB증권,buy,2000000
2026-06-05,018880,유안타증권,hold,4200
2026-06-05,028050,하나증권,buy,67000
2026-06-05,032350,KB증권,positive,
2026-06-05,034230,KB증권,positive,
2026-06-05,039490,신한투자증권,buy,600000
2026-06-05,053280,한국IR협의회,,
2026-06-05,060720,SK증권,,
2026-06-05,061090,유안타증권,,
2026-06-05,069960,한화투자증권,buy,190000
2026-06-05,078590,NICE평가정보,,
2026-06-05,098070,교보증권,,
2026-06-05,122640,유안타증권,,
2026-06-05,123330,하나증권,,
2026-06-05,140860,키움증권,buy,355000
2026-06-05,149010,서울평가정보,,
2026-06-05,162120,서울평가정보,,
2026-06-05,185190,NICE평가정보,,
2026-06-05,192650,키움증권,buy,7000
2026-06-05,207490,서울평가정보,,
2026-06-05,218410,신한투자증권,buy,123000
2026-06-05,289170,서울평가정보,,
2026-06-05,319660,하나증권,buy,160000
2026-06-05,355690,SK증권,,
2026-06-05,383220,유진투자증권,buy,100000
2026-06-05,388790,SK증권,,
2026-06-05,413300,NICE평가정보,,
2026-06-08,005940,대신증권,buy,45000
2026-06-08,009540,KB증권,positive,
2026-06-08,011200,한국투자증권,,
2026-06-08,023530,교보증권,buy,200000
2026-06-08,028050,IBK투자증권,buy,60000
2026-06-08,028050,KB증권,buy,73500
2026-06-08,028260,하나증권,buy,650000
2026-06-08,032640,KB증권,,
2026-06-08,035420,KB증권,buy,330000
2026-06-08,035420,한화투자증권,buy,300000
2026-06-08,060250,키움증권,buy,22000
2026-06-08,090460,신한투자증권,buy,46000
2026-06-08,128940,KB증권,positive,
2026-06-08,128940,하나증권,buy,710000
2026-06-08,138040,신한투자증권,buy,133000
2026-06-08,139480,키움증권,buy,120000
2026-06-08,178320,유진투자증권,buy,79000
2026-06-08,181710,키움증권,buy,56000
2026-06-08,200670,iM증권,,
2026-06-08,222800,iM증권,buy,185000
2026-06-08,229500,한국IR협의회,,
2026-06-08,229500,한국IR협의회,투자의견없음,
2026-06-08,347850,하나증권,,
2026-06-09,000660,KB증권,buy,3800000
2026-06-09,000660,미래에셋증권,buy,3800000
2026-06-09,0010V0,키움증권,,
2026-06-09,0011A0,미래에셋증권,,
2026-06-09,001450,신한투자증권,buy,45000
2026-06-09,004170,한화투자증권,buy,770000
2026-06-09,005930,미래에셋증권,buy,550000
2026-06-09,009150,iM증권,buy,2300000
2026-06-09,010950,KB증권,buy,167000
2026-06-09,023530,대신증권,buy,200000
2026-06-09,023530,신한투자증권,buy,200000
2026-06-09,034230,KB증권,buy,21000
2026-06-09,035420,DS투자증권,buy,450000
2026-06-09,035420,IBK투자증권,buy,320000
2026-06-09,035420,교보증권,buy,390000
2026-06-09,035420,키움증권,buy,320000
2026-06-09,035420,하나증권,buy,400000
2026-06-09,043260,대신증권,,
2026-06-09,067310,대신증권,buy,57000
2026-06-09,140860,iM증권,buy,334000
2026-06-09,218410,하나증권,buy,150000
2026-06-09,327260,하나증권,buy,150000
2026-06-09,443670,IBK투자증권,,
2026-06-10,000210,KB증권,buy,83000
2026-06-10,000720,IBK투자증권,buy,260000
2026-06-10,000720,LS증권,buy,200000
2026-06-10,000720,iM증권,buy,190000
2026-06-10,004170,키움증권,buy,850000
2026-06-10,005930,KB증권,buy,530000
2026-06-10,005940,대신증권,buy,45000
2026-06-10,005950,LS증권,,
2026-06-10,009150,대신증권,buy,2400000
2026-06-10,011930,유안타증권,,
2026-06-10,023530,키움증권,buy,230000
2026-06-10,028050,iM증권,buy,67000
2026-06-10,028050,키움증권,buy,67000
2026-06-10,032350,iM증권,buy,28000
2026-06-10,032830,신한투자증권,buy,500000
2026-06-10,034230,iM증권,buy,23000
2026-06-10,047810,LS증권,buy,250000
2026-06-10,067310,대신증권,buy,57000
2026-06-10,069960,키움증권,buy,220000
2026-06-10,114090,iM증권,buy,16000
2026-06-10,177900,미래에셋증권,,
2026-06-10,213420,iM증권,buy,70000
2026-06-10,236200,한국IR협의회,,
2026-06-10,339950,한국IR협의회,,
2026-06-10,339950,한국IR협의회,투자의견없음,
2026-06-10,342870,미래에셋증권,,
2026-06-10,373220,KB증권,positive,
2026-06-10,375500,iM증권,,120000
2026-06-10,375500,유진투자증권,buy,144000
2026-06-10,378340,미래에셋증권,,
2026-06-10,443060,미래에셋증권,,
2026-06-10,466100,IBK투자증권,,
2026-06-10,493280,신한투자증권,,
2026-06-11,0009K0,미래에셋증권,,
2026-06-11,001440,유안타증권,buy,60000
2026-06-11,004690,하나증권,buy,160000
2026-06-11,005430,하나증권,,
2026-06-11,009150,KB증권,,
2026-06-11,010120,유안타증권,buy,300000
2026-06-11,010140,iM증권,buy,35000
2026-06-11,011070,미래에셋증권,buy,1400000
2026-06-11,017670,KB증권,positive,
2026-06-11,017670,KB증권,buy,150000
2026-06-11,017810,하나증권,,
2026-06-11,018260,KB증권,buy,270000
2026-06-11,025540,LS증권,buy,110000
2026-06-11,031210,iM증권,buy,56000
2026-06-11,032830,한화투자증권,hold,312000
2026-06-11,034220,SK증권,buy,20000
2026-06-11,035420,LS증권,buy,303000
2026-06-11,041830,미래에셋증권,,
2026-06-11,042660,iM증권,buy,167000
2026-06-11,044990,미래에셋증권,,
2026-06-11,062040,유안타증권,buy,360000
2026-06-11,103590,유안타증권,buy,150000
2026-06-11,111770,KB증권,positive,
2026-06-11,177900,신한투자증권,,
2026-06-11,199480,미래에셋증권,,
2026-06-11,230240,하나증권,buy,50000
2026-06-11,267260,유안타증권,buy,1450000
2026-06-11,272210,KB증권,buy,120000
2026-06-11,287840,미래에셋증권,,
2026-06-11,298040,IBK투자증권,buy,4900000
2026-06-11,298040,유안타증권,buy,5000000
2026-06-11,329180,iM증권,buy,860000
2026-06-11,373160,미래에셋증권,,
2026-06-11,382150,미래에셋증권,,
2026-06-11,396470,KB증권,,
2026-06-11,445680,키움증권,,
2026-06-11,456160,미래에셋증권,,
2026-06-12,003490,KB증권,buy,36000
2026-06-12,004170,하나증권,,
2026-06-12,005930,KB증권,,
2026-06-12,025890,NICE평가정보,,
2026-06-12,052400,미래에셋증권,,
2026-06-12,105560,하나증권,buy,220000
2026-06-12,199150,NICE평가정보,,
2026-06-12,217190,한국IR협의회,,
2026-06-12,217190,한국IR협의회,투자의견없음,
2026-06-12,217320,서울평가정보,,
2026-06-12,251280,서울평가정보,,
2026-06-12,267270,KB증권,,
2026-06-12,338840,유안타증권,,
2026-06-12,365270,IBK투자증권,,
2026-06-12,434480,미래에셋증권,,
2026-06-12,456010,하나증권,buy,60000
2026-06-12,456190,서울평가정보,,
2026-06-12,474610,미래에셋증권,,
2026-06-12,484120,키움증권,,
2026-06-15,0004V0,미래에셋증권,,
2026-06-15,004170,대신증권,buy,1000000
2026-06-15,005380,KB증권,buy,1200000
2026-06-15,005490,iM증권,buy,480000
2026-06-15,005930,미래에셋증권,buy,550000
2026-06-15,007690,신한투자증권,buy,41000
2026-06-15,010130,iM증권,buy,1700000
2026-06-15,011070,KB증권,buy,2000000
2026-06-15,031430,iM증권,,
2026-06-15,034220,iM증권,buy,17000
2026-06-15,036570,KB증권,buy,440000
2026-06-15,039840,iM증권,,
2026-06-15,051900,한화투자증권,hold,280000
2026-06-15,055550,하나증권,buy,135000
2026-06-15,096770,LS증권,hold,102000
2026-06-15,098460,iM증권,buy,50000
2026-06-15,101970,KB증권,,
2026-06-15,206650,KB증권,,
2026-06-15,347850,키움증권,,
2026-06-15,353200,하나증권,buy,250000
2026-06-15,417790,미래에셋증권,,
2026-06-15,457550,KB증권,,
2026-06-15,462870,키움증권,buy,65000
2026-06-15,482630,KB증권,,
2026-06-15,494120,키움증권,,
2026-06-16,000150,대신증권,buy,2220000
2026-06-16,000720,대신증권,buy,195000
2026-06-16,004490,하나증권,,
2026-06-16,005380,유안타증권,hold,690000
2026-06-16,006360,대신증권,buy,39000
2026-06-16,012210,IBK투자증권,,
2026-06-16,012330,유안타증권,buy,870000
2026-06-16,015760,LS증권,buy,62000
2026-06-16,028050,대신증권,buy,73000
2026-06-16,033640,메리츠증권,투자의견없음,
2026-06-16,034220,대신증권,buy,17000
2026-06-16,034730,대신증권,buy,880000
2026-06-16,047040,대신증권,buy,28000
2026-06-16,047040,대신증권,,28000
2026-06-16,069960,하나증권,,
2026-06-16,079550,KB증권,buy,1100000
2026-06-16,086280,메리츠증권,buy,340000
2026-06-16,090460,대신증권,buy,52000
2026-06-16,096770,iM증권,buy,190000
2026-06-16,100090,KB증권,positive,
2026-06-16,126700,유진투자증권,,
2026-06-16,222800,대신증권,buy,160000
2026-06-16,232830,신한투자증권,,
2026-06-16,241710,한화투자증권,buy,120000
2026-06-16,271560,KB증권,buy,150000
2026-06-16,303360,키움증권,,
2026-06-16,304360,DS투자증권,buy,65000
2026-06-16,340810,신한투자증권,,
2026-06-16,353200,메리츠증권,buy,200000
2026-06-16,375500,대신증권,buy,106000
2026-06-16,375500,키움증권,buy,143000
2026-06-16,384470,신한투자증권,,
2026-06-16,443060,KB증권,buy,310000
2026-06-16,469610,KB증권,,
2026-06-17,001750,한국IR협의회,,
2026-06-17,005090,DS투자증권,buy,83000
2026-06-17,007340,하나증권,buy,60000
2026-06-17,012330,메리츠증권,buy,900000
2026-06-17,014790,한화투자증권,buy,5500
2026-06-17,028260,IBK투자증권,buy,620000
2026-06-17,035420,DS투자증권,,
2026-06-17,060720,신한투자증권,buy,17000
2026-06-17,069260,유안타증권,buy,30000
2026-06-17,069960,IBK투자증권,buy,250000
2026-06-17,079550,키움증권,buy,1350000
2026-06-17,126700,메리츠증권,,
2026-06-17,150900,한국IR협의회,,
2026-06-17,271560,LS증권,buy,170000
2026-06-17,271560,교보증권,buy,190000
2026-06-17,271560,신한투자증권,buy,160000
2026-06-17,317450,KB증권,,
2026-06-17,357780,한국IR협의회,,
2026-06-17,402340,SK증권,buy,1850000
2026-06-17,452200,KB증권,,
2026-06-18,0001A0,미래에셋증권,,
2026-06-18,000270,한화투자증권,buy,290000
2026-06-18,0011T0,KB증권,,
2026-06-18,004170,대신증권,buy,1000000
2026-06-18,004710,메리츠증권,투자의견없음,
2026-06-18,005380,KB증권,positive,
2026-06-18,005380,한화투자증권,buy,760000
2026-06-18,005930,하나증권,buy,480000
2026-06-18,023530,대신증권,buy,260000
2026-06-18,069960,대신증권,buy,250000
2026-06-18,092870,대신증권,,
2026-06-18,096770,KB증권,buy,180000
2026-06-18,144510,미래에셋증권,,
2026-06-18,265740,하나증권,,
2026-06-18,329180,KB증권,buy,900000
2026-06-18,373220,KB증권,positive,
2026-06-18,373220,KB증권,buy,580000
2026-06-18,376270,신한투자증권,,
2026-06-18,402340,대신증권,buy,1870000
2026-06-18,413640,IBK투자증권,,
2026-06-18,466100,미래에셋증권,,
2026-06-18,478560,한국IR협의회,,
2026-06-18,478560,한국IR협의회,투자의견없음,
2026-06-19,003490,iM증권,buy,40000
2026-06-19,009150,KB증권,buy,3000000
2026-06-19,028260,DS투자증권,buy,620000
2026-06-19,028260,LS증권,buy,630000
2026-06-19,033780,DS투자증권,buy,240000
2026-06-19,045300,NICE평가정보,,
2026-06-19,052690,대신증권,buy,195000
2026-06-19,108380,LS증권,buy,35000
2026-06-19,138930,하나증권,buy,24500
2026-06-19,141080,한국IR협의회,,
2026-06-19,145020,KB증권,positive,
2026-06-19,191600,NICE평가정보,,
2026-06-19,217910,서울평가정보,,
2026-06-19,229640,IBK투자증권,buy,76000
2026-06-19,282330,하나증권,,
2026-06-19,290560,IBK투자증권,,
2026-06-19,331660,NICE평가정보,,
2026-06-19,337930,유안타증권,,
2026-06-19,352090,한국IR협의회,,
2026-06-19,352090,한국IR협의회,투자의견없음,
2026-06-19,352820,KB증권,positive,
2026-06-19,389650,미래에셋증권,,
2026-06-19,393890,한국IR협의회,,
2026-06-19,417200,키움증권,,
2026-06-19,420570,교보증권,,
2026-06-19,446840,키움증권,,
2026-06-19,448900,IBK투자증권,,
2026-06-19,460940,키움증권,,
2026-06-19,482630,대신증권,buy,29000
2026-06-22,000660,iM증권,buy,3500000
2026-06-22,000660,한화투자증권,buy,4300000
2026-06-22,005930,iM증권,buy,480000
2026-06-22,006260,iM증권,buy,570000
2026-06-22,028050,교보증권,buy,66000
2026-06-22,032830,대신증권,buy,590000
2026-06-22,034730,iM증권,buy,950000
2026-06-22,052690,대신증권,buy,195000
2026-06-22,097950,하나증권,buy,370000
2026-06-22,112610,유진투자증권,buy,80000
2026-06-22,217590,SK증권,,
2026-06-22,360350,키움증권,,
2026-06-22,413630,유진투자증권,,
2026-06-22,435570,키움증권,,
2026-06-22,459100,신한투자증권,,
2026-06-22,459550,IBK투자증권,,
2026-06-22,475430,신한투자증권,,
2026-06-22,482630,대신증권,buy,29000
2026-06-23,0015N0,신한투자증권,,
2026-06-23,003490,하나증권,buy,38000
2026-06-23,005940,대신증권,buy,45000
2026-06-23,007070,하나증권,,
2026-06-23,015760,KB증권,buy,54000
2026-06-23,017670,하나증권,buy,140000
2026-06-23,028260,미래에셋증권,buy,680000
2026-06-23,030200,하나증권,buy,76000
2026-06-23,030520,한국IR협의회,,
2026-06-23,030520,한국IR협의회,투자의견없음,
2026-06-23,032640,하나증권,buy,20000
2026-06-23,039030,한국IR협의회,,
2026-06-23,039030,한국IR협의회,투자의견없음,
2026-06-23,041830,미래에셋증권,,
2026-06-23,042510,한국IR협의회,,
2026-06-23,042510,한국IR협의회,투자의견없음,
2026-06-23,051500,키움증권,buy,39000
2026-06-23,059210,유진투자증권,,
2026-06-23,066570,교보증권,buy,350000
2026-06-23,161890,한화투자증권,buy,120000
2026-06-23,192650,신한투자증권,buy,8000
2026-06-23,221800,신한투자증권,,
2026-06-23,226950,대신증권,,
2026-06-23,323350,신한투자증권,,
2026-06-23,396470,키움증권,,
2026-06-23,439260,KB증권,buy,90000
2026-06-23,457600,신한투자증권,,
2026-06-23,458650,한국IR협의회,,
2026-06-23,458650,한국IR협의회,투자의견없음,
2026-06-23,481850,신한투자증권,,
2026-06-24,000660,KB증권,buy,3800000
2026-06-24,0013V0,대신증권,,
2026-06-24,010140,KB증권,buy,35000
2026-06-24,011070,대신증권,buy,1300000
2026-06-24,012330,한화투자증권,buy,810000
2026-06-24,014950,하나증권,,
2026-06-24,088340,키움증권,,
2026-06-24,089860,대신증권,buy,46000
2026-06-24,095340,하나증권,buy,250000
2026-06-24,102950,한국IR협의회,,
2026-06-24,102950,한국IR협의회,투자의견없음,
2026-06-24,123330,교보증권,,
2026-06-24,139480,하나증권,,
2026-06-24,271560,하나증권,buy,220000
2026-06-24,282330,IBK투자증권,buy,190000
2026-06-24,373110,대신증권,,
2026-06-24,375500,iM증권,buy,120000
2026-06-24,375500,유진투자증권,buy,144000
2026-06-24,375500,하나증권,buy,120000
2026-06-24,375500,한화투자증권,buy,110000
2026-06-24,389680,대신증권,,
2026-06-25,000660,IBK투자증권,,
2026-06-25,000660,미래에셋증권,buy,4200000
2026-06-25,002380,신한투자증권,buy,750000
2026-06-25,005930,KB증권,buy,550000
2026-06-25,005930,대신증권,buy,560000
2026-06-25,005930,미래에셋증권,buy,550000
2026-06-25,006730,IBK투자증권,buy,18000
2026-06-25,010140,DS투자증권,buy,42000
2026-06-25,010140,유진투자증권,buy,41000
2026-06-25,029780,iM증권,buy,63000
2026-06-25,034220,IBK투자증권,buy,20000
2026-06-25,043260,신한투자증권,,
2026-06-25,064400,유진투자증권,buy,111000
2026-06-25,092730,하나증권,,
2026-06-25,408920,SK증권,,
2026-06-25,460870,키움증권,,
2026-06-25,471820,한화투자증권,,
2026-06-26,000660,하나증권,buy,3600000
2026-06-26,0015G0,유안타증권,,
2026-06-26,005440,SK증권,buy,20000
2026-06-26,005930,대신증권,buy,560000
2026-06-26,011070,KB증권,buy,2000000
2026-06-26,016380,신한투자증권,buy,7600
2026-06-26,017670,IBK투자증권,buy,107000
2026-06-26,042940,NICE평가정보,,
2026-06-26,052900,유안타증권,,
2026-06-26,081660,한화투자증권,buy,68000
2026-06-26,096630,서울평가정보,,
2026-06-26,098660,서울평가정보,,
2026-06-26,099440,키움증권,,
2026-06-26,101680,서울평가정보,,
2026-06-26,109610,서울평가정보,,
2026-06-26,122990,서울평가정보,,
2026-06-26,217880,서울평가정보,,
2026-06-26,228760,한국IR협의회,,
2026-06-26,228760,한국IR협의회,투자의견없음,
2026-06-26,246250,하나증권,,
2026-06-26,265560,한국IR협의회,,
2026-06-26,265560,한국IR협의회,투자의견없음,
2026-06-26,271560,한화투자증권,buy,180000
2026-06-26,285800,iM증권,,
2026-06-26,336040,NICE평가정보,,
2026-06-26,376900,SK증권,,
2026-06-26,432980,하나증권,,
2026-06-26,452430,하나증권,,
2026-06-26,459510,대신증권,,
2026-06-26,475830,IBK투자증권,,
2026-06-26,488280,대신증권,,
2026-06-26,495810,서울평가정보,,
2026-06-29,000150,교보증권,buy,2200000
2026-06-29,001040,iM증권,buy,215000
2026-06-29,003490,신한투자증권,buy,35000
2026-06-29,004170,유안타증권,buy,910000
2026-06-29,005930,키움증권,buy,430000
2026-06-29,006400,미래에셋증권,buy,1000000
2026-06-29,016360,KB증권,positive,
2026-06-29,028050,IBK투자증권,buy,60000
2026-06-29,030000,한화투자증권,buy,25000
2026-06-29,034120,KB증권,buy,17000
2026-06-29,064350,하나증권,buy,283000
2026-06-29,069960,유안타증권,buy,263000
2026-06-29,089980,유진투자증권,buy,30000
2026-06-29,090430,하나증권,buy,150000
2026-06-29,090460,메리츠증권,buy,32000
2026-06-29,094170,유진투자증권,,
2026-06-29,161890,신한투자증권,buy,130000
2026-06-29,171090,IBK투자증권,buy,141000
2026-06-29,179290,한국IR협의회,,
2026-06-29,179290,한국IR협의회,투자의견없음,
2026-06-29,207940,IBK투자증권,buy,2090000
2026-06-29,267270,KB증권,buy,180000
2026-06-29,271560,하나증권,buy,220000
2026-06-29,278470,하나증권,buy,510000
2026-06-29,286940,iM증권,buy,25500
2026-06-29,317400,한화투자증권,buy,6800
2026-06-29,326030,KB증권,positive,
2026-06-29,340450,KB증권,,
2026-06-29,418620,한화투자증권,,
2026-06-29,439260,DS투자증권,buy,95000
2026-06-29,443060,유안타증권,buy,433000
2026-06-29,474610,교보증권,,
2026-06-29,483650,한화투자증권,,
2026-06-30,000270,삼성증권,buy,240000
2026-06-30,000660,신한투자증권,buy,4200000
2026-06-30,0008Z0,한국IR협의회,,
2026-06-30,001120,미래에셋증권,buy,56000
2026-06-30,001120,하나증권,buy,66000
2026-06-30,003490,상상인증권,buy,40000
2026-06-30,004170,한화투자증권,buy,870000
2026-06-30,005930,신한투자증권,buy,590000
2026-06-30,005930,현대차증권,buy,440000
2026-06-30,006400,iM증권,buy,700000
2026-06-30,007070,키움증권,buy,32000
2026-06-30,009520,한국IR협의회,투자의견없음,
2026-06-30,010690,삼성증권,buy,16000
2026-06-30,010950,유안타증권,buy,175000
2026-06-30,011070,메리츠증권,buy,1400000
2026-06-30,012450,현대차증권,buy,1780000
2026-06-30,016360,KB증권,positive,
2026-06-30,017670,대신증권,buy,110000
2026-06-30,023530,한화투자증권,buy,300000
2026-06-30,028050,iM증권,buy,67000
2026-06-30,030200,대신증권,buy,74000
2026-06-30,032640,대신증권,buy,20000
2026-06-30,034220,삼성증권,buy,17000
2026-06-30,034730,한화투자증권,buy,970000
2026-06-30,036570,유안타증권,buy,370000
2026-06-30,055550,LS증권,buy,125000
2026-06-30,055550,iM증권,buy,120000
2026-06-30,064960,삼성증권,buy,45000
2026-06-30,069960,한화투자증권,buy,240000
2026-06-30,078930,KB증권,positive,
2026-06-30,079160,KB증권,hold,5000
2026-06-30,082920,삼성증권,buy,53000
2026-06-30,088980,KB증권,buy,13000
2026-06-30,091700,KB증권,buy,9000
2026-06-30,095660,유안타증권,buy,24000
2026-06-30,105560,iM증권,buy,190000
2026-06-30,122870,삼성증권,buy,71000
2026-06-30,146060,유안타증권,,
2026-06-30,161390,삼성증권,buy,95000
2026-06-30,175330,iM증권,buy,39000
2026-06-30,183190,신한투자증권,buy,16000
2026-06-30,192080,유안타증권,buy,84000
2026-06-30,204320,메리츠증권,buy,76000
2026-06-30,204320,삼성증권,buy,95000
2026-06-30,212710,키움증권,,
2026-06-30,217190,한국IR협의회,,
2026-06-30,251270,유안타증권,buy,59000
2026-06-30,253450,한국IR협의회,,
2026-06-30,253450,한국IR협의회,투자의견없음,
2026-06-30,259960,교보증권,buy,390000
2026-06-30,259960,유안타증권,buy,380000
2026-06-30,259960,하나증권,buy,460000
2026-06-30,263750,유안타증권,buy,52000
2026-06-30,314130,한국IR협의회,,
2026-06-30,314130,한국IR협의회,투자의견없음,
2026-06-30,361390,KB증권,,
2026-06-30,365340,삼성증권,buy,74000
2026-06-30,373220,iM증권,buy,620000
2026-06-30,429270,유안타증권,,
2026-06-30,451220,유안타증권,,
2026-06-30,456040,삼성증권,buy,160000
2026-06-30,458870,미래에셋증권,,
2026-06-30,462870,유안타증권,buy,47000
2026-06-30,462870,하나증권,buy,45000
2026-06-30,475150,메리츠증권,투자의견없음,
2026-06-30,483650,하나증권,,
2026-07-01,000660,교보증권,buy,4000000
2026-07-01,001120,신한투자증권,buy,66000
2026-07-01,001440,KB증권,buy,44000
2026-07-01,004020,신한투자증권,buy,44000
2026-07-01,005930,KB증권,buy,550000
2026-07-01,005930,교보증권,buy,500000
2026-07-01,006360,하나증권,buy,52000
2026-07-01,006730,키움증권,,
2026-07-01,009150,IBK투자증권,,
2026-07-01,009150,iM증권,buy,3000000
2026-07-01,009150,메리츠증권,buy,3000000
2026-07-01,009150,하나증권,buy,3000000
2026-07-01,028050,한화투자증권,buy,65000
2026-07-01,032350,KB증권,positive,
2026-07-01,035420,하나증권,buy,400000
2026-07-01,035420,한화투자증권,buy,300000
2026-07-01,051900,하나증권,,
2026-07-01,055550,KB증권,buy,133000
2026-07-01,071050,SK증권,buy,410000
2026-07-01,086790,KB증권,buy,160000
2026-07-01,105560,대신증권,buy,190000
2026-07-01,105560,유안타증권,buy,225000
2026-07-01,126340,DS투자증권,buy,177000
2026-07-01,126340,메리츠증권,투자의견없음,
2026-07-01,145720,대신증권,buy,78000
2026-07-01,161890,교보증권,buy,130000
2026-07-01,194370,신한투자증권,buy,22500
2026-07-01,195870,교보증권,buy,100000
2026-07-01,207940,신한투자증권,buy,1800000
2026-07-01,222800,대신증권,buy,170000
2026-07-01,247540,DS투자증권,buy,300000
2026-07-01,247540,iM증권,hold,
2026-07-01,247540,신한투자증권,,230000
2026-07-01,259960,KB증권,buy,350000
2026-07-01,290550,DS투자증권,buy,41000
2026-07-01,316140,대신증권,buy,43000
2026-07-01,356860,교보증권,buy,120000
2026-07-01,389500,IBK투자증권,buy,75000
2026-07-01,453340,한국IR협의회,,
2026-07-01,465480,한국IR협의회,,
2026-07-01,465480,한국IR협의회,투자의견없음,
2026-07-01,475830,미래에셋증권,,
2026-07-01,484870,KB증권,buy,40000
2026-07-02,000660,IBK투자증권,buy,4000000
2026-07-02,003230,하나증권,buy,1800000
2026-07-02,004370,하나증권,buy,540000
2026-07-02,009150,신한투자증권,buy,3000000
2026-07-02,011070,교보증권,buy,1300000
2026-07-02,012330,신한투자증권,buy,790000
2026-07-02,028050,키움증권,buy,72000
2026-07-02,028050,하나증권,buy,67000
2026-07-02,036570,메리츠증권,buy,330000
2026-07-02,052710,키움증권,,
2026-07-02,054950,한국IR협의회,,
2026-07-02,086790,대신증권,buy,143000
2026-07-02,089860,대신증권,buy,46000
2026-07-02,089860,하나증권,buy,42000
2026-07-02,090430,교보증권,buy,180000
2026-07-02,097950,DS투자증권,buy,300000
2026-07-02,105630,대신증권,buy,12000
2026-07-02,111770,대신증권,buy,140000
2026-07-02,131290,DS투자증권,buy,360000
2026-07-02,131290,LS증권,buy,350000
2026-07-02,171090,메리츠증권,buy,83000
2026-07-02,204320,신한투자증권,buy,77000
2026-07-02,241710,하나증권,,
2026-07-02,247540,키움증권,,
2026-07-02,259960,메리츠증권,buy,350000
2026-07-02,278280,키움증권,buy,45000
2026-07-02,316140,KB증권,buy,43000
2026-07-02,323410,KB증권,buy,33000
2026-07-02,389260,키움증권,,
2026-07-02,402340,유안타증권,buy,2100000
2026-07-02,483650,교보증권,buy,310000
2026-07-03,000660,KB증권,buy,4200000
2026-07-03,005490,KB증권,,
2026-07-03,005490,메리츠증권,투자의견없음,
2026-07-03,005940,미래에셋증권,buy,44000
2026-07-03,007070,한화투자증권,buy,32000
2026-07-03,010140,상상인증권,buy,43000
2026-07-03,016360,미래에셋증권,buy,178000
2026-07-03,018880,DS투자증권,buy,5000
2026-07-03,028260,SK증권,buy,590000
2026-07-03,034220,신한투자증권,buy,18000
2026-07-03,035420,LS증권,buy,303000
2026-07-03,035420,메리츠증권,buy,330000
2026-07-03,039490,미래에셋증권,buy,550000
2026-07-03,055550,대신증권,buy,130000
2026-07-03,064290,메리츠증권,buy,75000
2026-07-03,066570,하나증권,buy,260000
2026-07-03,073490,한국IR협의회,,
2026-07-03,073490,한국IR협의회,투자의견없음,
2026-07-03,083650,IBK투자증권,buy,110000
2026-07-03,088280,서울평가정보,,
2026-07-03,097950,KB증권,buy,280000
2026-07-03,100090,KB증권,,25000
2026-07-03,109860,서울평가정보,,
2026-07-03,119850,교보증권,,
2026-07-03,123840,서울평가정보,,
2026-07-03,181710,메리츠증권,buy,54000
2026-07-03,192080,교보증권,buy,81000
2026-07-03,251970,하나증권,,
2026-07-03,279600,서울평가정보,,
2026-07-03,282330,한화투자증권,buy,190000
2026-07-03,394280,한국IR협의회,,
2026-07-03,462870,교보증권,buy,42000
2026-07-03,483650,신한투자증권,buy,310000
2026-07-06,000150,iM증권,buy,2000000
2026-07-06,000270,한화투자증권,buy,290000
2026-07-06,003230,KB증권,buy,1950000
2026-07-06,004020,하나증권,buy,50000
2026-07-06,004990,SK증권,buy,33000
2026-07-06,005380,한화투자증권,buy,760000
2026-07-06,005490,KB증권,buy,533000
2026-07-06,005490,하나증권,buy,740000
2026-07-06,005930,메리츠증권,buy,500000
2026-07-06,005930,유진투자증권,buy,560000
2026-07-06,005940,iM증권,buy,
2026-07-06,005950,IBK투자증권,,
2026-07-06,006800,iM증권,buy,50000
2026-07-06,009150,교보증권,buy,3000000
2026-07-06,009150,미래에셋증권,buy,2800000
2026-07-06,010140,하나증권,buy,40000
2026-07-06,011070,iM증권,buy,1100000
2026-07-06,011200,하나증권,hold,21000
2026-07-06,016360,iM증권,buy,160000
2026-07-06,018260,iM증권,buy,270000
2026-07-06,020000,대신증권,buy,39000
2026-07-06,028050,교보증권,buy,66000
2026-07-06,028050,미래에셋증권,buy,70000
2026-07-06,031430,대신증권,buy,22000
2026-07-06,031430,유안타증권,,
2026-07-06,035420,KB증권,buy,330000
2026-07-06,035900,키움증권,buy,81000
2026-07-06,039490,iM증권,buy,480000
2026-07-06,042660,유안타증권,buy,179000
2026-07-06,044490,신한투자증권,,
2026-07-06,047810,대신증권,buy,196000
2026-07-06,068270,IBK투자증권,buy,250000
2026-07-06,068270,IBK투자증권,투자의견없음,
2026-07-06,068270,키움증권,,
2026-07-06,071050,iM증권,buy,310000
2026-07-06,082210,SK증권,,
2026-07-06,086280,iM증권,buy,325000
2026-07-06,086280,신한투자증권,buy,320000
2026-07-06,090430,유안타증권,buy,178000
2026-07-06,144960,신한투자증권,,
2026-07-06,161890,유안타증권,buy,160000
2026-07-06,192080,키움증권,buy,87000
2026-07-06,192820,유안타증권,buy,230000
2026-07-06,192820,하나증권,buy,240000
2026-07-06,192820,한화투자증권,buy,250000
2026-07-06,241710,유안타증권,buy,120000
2026-07-06,251970,유안타증권,,
2026-07-06,298000,IBK투자증권,,
2026-07-06,353200,상상인증권,buy,230000
2026-07-06,373220,신한투자증권,buy,550000
2026-07-06,375500,한화투자증권,buy,110000
2026-07-07,000500,키움증권,,
2026-07-07,000660,대신증권,buy,3900000
2026-07-07,000990,KB증권,buy,170000
2026-07-07,003670,LS증권,hold,140000
2026-07-07,004370,KB증권,buy,550000
2026-07-07,005380,LS증권,buy,720000
2026-07-07,005490,한화투자증권,buy,550000
2026-07-07,005930,한화투자증권,buy,580000
2026-07-07,006400,LS증권,hold,419000
2026-07-07,008770,한화투자증권,buy,75000
2026-07-07,009150,대신증권,buy,2800000
2026-07-07,010950,하나증권,buy,200000
2026-07-07,011070,DS투자증권,buy,1300000
2026-07-07,018260,KB증권,buy,270000
2026-07-07,018260,하나증권,buy,240000
2026-07-07,018260,한화투자증권,buy,250000
2026-07-07,030200,신한투자증권,buy,77000
2026-07-07,031980,KB증권,buy,220000
2026-07-07,032500,하나증권,buy,70000
2026-07-07,033780,교보증권,buy,250000
2026-07-07,035720,KB증권,buy,57000
2026-07-07,035720,한화투자증권,buy,62000
2026-07-07,036620,IBK투자증권,buy,5600
2026-07-07,042660,KB증권,buy,130000
2026-07-07,042660,신한투자증권,buy,160000
2026-07-07,053610,대신증권,,
2026-07-07,055550,대신증권,buy,130000
2026-07-07,064760,KB증권,buy,370000
2026-07-07,066570,메리츠증권,buy,
2026-07-07,086790,하나증권,buy,166000
2026-07-07,089970,대신증권,buy,120000
2026-07-07,090430,SK증권,buy,160000
2026-07-07,090460,대신증권,buy,52000
2026-07-07,105560,미래에셋증권,buy,216000
2026-07-07,120110,유안타증권,buy,96000
2026-07-07,139480,한화투자증권,buy,100000
2026-07-07,145020,신한투자증권,buy,350000
2026-07-07,145020,키움증권,buy,380000
2026-07-07,161890,하나증권,buy,140000
2026-07-07,192820,교보증권,buy,260000
2026-07-07,237880,유안타증권,,
2026-07-07,267260,신한투자증권,buy,1500000
2026-07-07,280360,교보증권,buy,175000
2026-07-07,290740,유진투자증권,,
2026-07-07,319660,KB증권,buy,280000
2026-07-07,319660,KB증권,positive,
2026-07-07,352820,KB증권,buy,350000
2026-07-07,375500,미래에셋증권,buy,100000
2026-07-07,383310,대신증권,,
2026-07-07,402340,유안타증권,buy,2100000
2026-07-07,403870,KB증권,buy,65000
2026-07-07,484120,SK증권,,
2026-07-07,489790,KB증권,,
2026-07-08,000270,LS증권,buy,240000
2026-07-08,000810,KB증권,positive,
2026-07-08,004170,신한투자증권,buy,830000
2026-07-08,005380,상상인증권,buy,700000
2026-07-08,005380,키움증권,buy,700000
2026-07-08,005930,IBK투자증권,buy,460000
2026-07-08,005930,KB증권,buy,600000
2026-07-08,005930,iM증권,buy,480000
2026-07-08,005930,대신증권,buy,560000
2026-07-08,005930,미래에셋증권,buy,550000
2026-07-08,005930,유진투자증권,buy,560000
2026-07-08,005930,키움증권,buy,390000
2026-07-08,005930,하나증권,buy,480000
2026-07-08,006360,IBK투자증권,buy,54000
2026-07-08,006360,LS증권,buy,45000
2026-07-08,006800,대신증권,buy,62000
2026-07-08,007070,대신증권,buy,30000
2026-07-08,007660,유안타증권,buy,180000
2026-07-08,009150,상상인증권,buy,2500000
2026-07-08,009150,유안타증권,buy,2800000
2026-07-08,011070,상상인증권,buy,1200000
2026-07-08,011070,유안타증권,buy,1400000
2026-07-08,018260,교보증권,buy,250000
2026-07-08,028050,LS증권,buy,70000
2026-07-08,030200,SK증권,buy,72000
2026-07-08,033780,KB증권,buy,250000
2026-07-08,036570,한화투자증권,buy,350000
2026-07-08,036620,유안타증권,,
2026-07-08,046890,한국IR협의회,,
2026-07-08,046890,한국IR협의회,투자의견없음,
2026-07-08,051500,DS투자증권,buy,50000
2026-07-08,054950,유안타증권,,
2026-07-08,064400,KB증권,buy,105000
2026-07-08,066570,대신증권,buy,240000
2026-07-08,066570,유안타증권,buy,240000
2026-07-08,066570,하나증권,buy,260000
2026-07-08,069960,신한투자증권,buy,210000
2026-07-08,071050,대신증권,buy,335000
2026-07-08,080010,한국IR협의회,,
2026-07-08,080010,한국IR협의회,투자의견없음,
2026-07-08,082740,SK증권,buy,90000
2026-07-08,145020,교보증권,buy,350000
2026-07-08,160980,한국IR협의회,,
2026-07-08,160980,한국IR협의회,투자의견없음,
2026-07-08,181710,교보증권,buy,49000
2026-07-08,181710,한화투자증권,buy,50000
2026-07-08,192080,한화투자증권,buy,80000
2026-07-08,192820,SK증권,buy,250000
2026-07-08,212710,유안타증권,,
2026-07-08,222040,하나증권,,
2026-07-08,237690,IBK투자증권,buy,200000
2026-07-08,282330,대신증권,buy,170000
2026-07-08,352820,LS증권,buy,350000
2026-07-08,352820,유안타증권,buy,330000
2026-07-08,353200,유안타증권,buy,200000
2026-07-08,356860,유안타증권,buy,150000
2026-07-08,358570,교보증권,,
2026-07-08,373220,IBK투자증권,buy,560000
2026-07-08,373220,신한투자증권,buy,550000
2026-07-08,373220,유진투자증권,buy,470000
2026-07-08,373220,하나증권,buy,530000
2026-07-08,483650,유진투자증권,buy,320000
2026-07-08,499790,IBK투자증권,buy,76000
2026-07-08,499790,키움증권,buy,70000
2026-07-09,000270,신한투자증권,buy,240000
2026-07-09,000660,KB증권,buy,4200000
2026-07-09,000880,대신증권,buy,163000
2026-07-09,001430,하나증권,buy,62000
2026-07-09,007070,대신증권,buy,30000
2026-07-09,010060,미래에셋증권,buy,320000
2026-07-09,010140,대신증권,buy,40000
2026-07-09,011070,대신증권,buy,1300000
2026-07-09,012210,미래에셋증권,,
2026-07-09,012330,LS증권,buy,870000
2026-07-09,012450,KB증권,buy,1400000
2026-07-09,012450,대신증권,buy,1720000
2026-07-09,017670,유안타증권,buy,118000
2026-07-09,020000,신한투자증권,buy,38000
2026-07-09,020150,SK증권,buy,60000
2026-07-09,021240,하나증권,,
2026-07-09,024110,유안타증권,buy,25500
2026-07-09,028670,하나증권,buy,9000
2026-07-09,030200,유안타증권,buy,73000
2026-07-09,032640,SK증권,buy,19000
2026-07-09,032640,SK증권,,19000
2026-07-09,032640,유안타증권,buy,21000
2026-07-09,032640,하나증권,buy,20000
2026-07-09,034020,KB증권,positive,
2026-07-09,034830,신한투자증권,buy,1800
2026-07-09,035900,iM증권,buy,80000
2026-07-09,036570,하나증권,buy,420000
2026-07-09,042660,대신증권,buy,139000
2026-07-09,042660,상상인증권,buy,130000
2026-07-09,047040,LS증권,buy,28000
2026-07-09,103140,하나증권,buy,110000
2026-07-09,139480,IBK투자증권,buy,120000
2026-07-09,206650,한국IR협의회,,
2026-07-09,206650,한국IR협의회,투자의견없음,
2026-07-09,241560,키움증권,buy,96000
2026-07-09,257720,교보증권,buy,63000
2026-07-09,259960,미래에셋증권,buy,360000
2026-07-09,263750,메리츠증권,buy,100000
2026-07-09,267270,키움증권,buy,245000
2026-07-09,272210,대신증권,buy,117000
2026-07-09,278470,SK증권,buy,560000
2026-07-09,278470,교보증권,buy,550000
2026-07-09,278470,신한투자증권,buy,540000
2026-07-09,278470,유안타증권,buy,540000
2026-07-09,278470,한화투자증권,buy,500000
2026-07-09,280360,LS증권,buy,160000
2026-07-09,282330,대신증권,buy,170000
2026-07-09,373220,KB증권,positive,
2026-07-09,375500,LS증권,buy,100000
2026-07-09,462870,메리츠증권,hold,43000
2026-07-09,483650,유안타증권,,
2026-07-10,000270,유진투자증권,buy,250000
2026-07-10,000270,키움증권,buy,205000
2026-07-10,005380,신한투자증권,buy,780000
2026-07-10,005380,유진투자증권,buy,900000
2026-07-10,005830,미래에셋증권,buy,210000
2026-07-10,006360,미래에셋증권,buy,49000
2026-07-10,006360,키움증권,buy,47000
2026-07-10,006360,한화투자증권,buy,41000
2026-07-10,007070,교보증권,buy,36000
2026-07-10,008770,교보증권,buy,64000
2026-07-10,009830,하나증권,buy,60000
2026-07-10,012330,유진투자증권,buy,740000
2026-07-10,016100,NICE평가정보,,
2026-07-10,017670,하나증권,buy,140000
2026-07-10,018260,LS증권,buy,253000
2026-07-10,028670,iM증권,buy,8000
2026-07-10,030200,IBK투자증권,buy,75000
2026-07-10,033780,신한투자증권,buy,220000
2026-07-10,033780,키움증권,buy,220000
2026-07-10,035420,신한투자증권,buy,240000
2026-07-10,035720,LS증권,buy,55000
2026-07-10,035720,신한투자증권,buy,61000
2026-07-10,036570,교보증권,buy,375000
2026-07-10,050860,NICE평가정보,,
2026-07-10,051500,하나증권,buy,48000
2026-07-10,086280,상상인증권,buy,320000
2026-07-10,092600,서울평가정보,,
2026-07-10,097950,신한투자증권,buy,280000
2026-07-10,128940,DS투자증권,buy,680000
2026-07-10,128940,하나증권,buy,710000
2026-07-10,195870,상상인증권,buy,90000
2026-07-10,213420,IBK투자증권,buy,69000
2026-07-10,213420,IBK투자증권,,69000
2026-07-10,222800,교보증권,buy,160000
2026-07-10,241710,교보증권,buy,130000
2026-07-10,251270,하나증권,buy,60000
2026-07-10,257720,하나증권,buy,52000
2026-07-10,267260,SK증권,buy,1100000
2026-07-10,267270,신한투자증권,buy,190000
2026-07-10,282330,교보증권,buy,176000
2026-07-10,282330,유진투자증권,buy,180000
2026-07-10,304360,한국IR협의회,,
2026-07-10,307950,유진투자증권,buy,880000
2026-07-10,308170,NICE평가정보,,
2026-07-10,329180,iM증권,buy,860000
2026-07-10,353200,교보증권,buy,180000
2026-07-10,354390,NICE평가정보,,
2026-07-10,443060,SK증권,buy,340000
2026-07-10,448780,서울평가정보,,
2026-07-10,456040,LS증권,buy,178000
2026-07-13,000720,KB증권,positive,
2026-07-13,003230,LS증권,buy,1800000
2026-07-13,003230,신한투자증권,buy,1750000
2026-07-13,004020,메리츠증권,buy,43000
2026-07-13,004370,교보증권,buy,570000
2026-07-13,005490,미래에셋증권,buy,470000
2026-07-13,005490,상상인증권,buy,550000
2026-07-13,005830,iM증권,buy,220000
2026-07-13,005930,KB증권,buy,600000
2026-07-13,006260,메리츠증권,투자의견없음,
2026-07-13,006360,신한투자증권,buy,46000
2026-07-13,007660,메리츠증권,buy,160000
2026-07-13,010060,하나증권,buy,550000
2026-07-13,010120,iM증권,buy,265000
2026-07-13,010140,SK증권,buy,40000
2026-07-13,010140,유안타증권,buy,38000
2026-07-13,010950,LS증권,hold,140000
2026-07-13,010950,신한투자증권,buy,180000
2026-07-13,011210,신한투자증권,buy,97000
2026-07-13,017670,대신증권,buy,110000
2026-07-13,028050,신한투자증권,buy,64000
2026-07-13,028670,상상인증권,buy,8000
2026-07-13,032640,대신증권,buy,20000
2026-07-13,035760,한화투자증권,buy,60000
2026-07-13,042660,SK증권,buy,134000
2026-07-13,047040,미래에셋증권,buy,24000
2026-07-13,047050,상상인증권,buy,84000
2026-07-13,051500,IBK투자증권,buy,46000
2026-07-13,055550,유안타증권,buy,129000
2026-07-13,061090,유안타증권,,
2026-07-13,061090,하나증권,buy,80000
2026-07-13,071280,한국IR협의회,,
2026-07-13,071280,한국IR협의회,투자의견없음,
2026-07-13,085910,메리츠증권,,
2026-07-13,086790,유안타증권,buy,170000
2026-07-13,095610,SK증권,buy,230000
2026-07-13,103140,메리츠증권,,
2026-07-13,128940,교보증권,buy,700000
2026-07-13,138930,유안타증권,buy,24500
2026-07-13,139130,하나증권,buy,24500
2026-07-13,161890,유진투자증권,buy,135000
2026-07-13,178320,유진투자증권,buy,67500
2026-07-13,192820,유진투자증권,buy,250000
2026-07-13,195940,DS투자증권,buy,61000
2026-07-13,195940,iM증권,buy,60000
2026-07-13,219130,메리츠증권,,
2026-07-13,237690,하나증권,buy,210000
2026-07-13,240810,SK증권,buy,190000
2026-07-13,271560,KB증권,buy,160000
2026-07-13,271560,신한투자증권,buy,160000
2026-07-13,278470,KB증권,buy,530000
2026-07-13,352820,SK증권,buy,350000
2026-07-13,356860,키움증권,buy,120000
2026-07-13,375500,신한투자증권,buy,100000
2026-07-13,383220,대신증권,buy,100000
2026-07-13,402340,대신증권,buy,2100000
2026-07-13,443060,유안타증권,buy,412000
2026-07-14,000270,미래에셋증권,buy,240000
2026-07-14,000660,미래에셋증권,buy,4200000
2026-07-14,000810,iM증권,buy,740000
2026-07-14,001440,유안타증권,buy,60000
2026-07-14,003490,하나증권,buy,41000
2026-07-14,004020,미래에셋증권,buy,47000
2026-07-14,004020,한화투자증권,buy,43000
2026-07-14,004170,LS증권,buy,860000
2026-07-14,006360,교보증권,buy,34000
2026-07-14,010120,유안타증권,buy,300000
2026-07-14,010950,iM증권,buy,170000
2026-07-14,011780,하나증권,buy,180000
2026-07-14,012330,미래에셋증권,buy,920000
2026-07-14,012330,키움증권,buy,700000
2026-07-14,012330,하나증권,buy,770000
2026-07-14,015760,하나증권,buy,45000
2026-07-14,016360,SK증권,buy,170000
2026-07-14,030000,대신증권,buy,27000
2026-07-14,030200,하나증권,buy,76000
2026-07-14,032830,iM증권,buy,380000
2026-07-14,033780,LS증권,,230000
2026-07-14,035720,교보증권,buy,57000
2026-07-14,039130,신한투자증권,buy,46000
2026-07-14,041510,KB증권,buy,100000
2026-07-14,047040,신한투자증권,hold,
2026-07-14,047040,키움증권,buy,23000
2026-07-14,061090,KB증권,,
2026-07-14,062040,유안타증권,buy,360000
2026-07-14,064350,KB증권,buy,270000
2026-07-14,064350,대신증권,buy,280000
2026-07-14,066570,교보증권,buy,350000
2026-07-14,067160,신한투자증권,buy,70000
2026-07-14,069080,한국IR협의회,,
2026-07-14,069080,한국IR협의회,투자의견없음,
2026-07-14,071050,SK증권,buy,410000
2026-07-14,078340,한화투자증권,buy,45000
2026-07-14,078520,하나증권,,
2026-07-14,081660,KB증권,buy,60000
2026-07-14,089860,대신증권,buy,46000
2026-07-14,096770,KB증권,positive,
2026-07-14,096770,LS증권,hold,126000
2026-07-14,096770,iM증권,buy,190000
2026-07-14,103590,유안타증권,buy,125000
2026-07-14,111770,KB증권,buy,120000
2026-07-14,112290,키움증권,,
2026-07-14,127120,SK증권,,
2026-07-14,161890,SK증권,buy,140000
2026-07-14,192080,KB증권,buy,88000
2026-07-14,192080,신한투자증권,buy,100000
2026-07-14,194480,신한투자증권,hold,
2026-07-14,214320,대신증권,buy,27000
2026-07-14,251270,교보증권,buy,61000
2026-07-14,267260,유안타증권,buy,1450000
2026-07-14,278470,유진투자증권,buy,510000
2026-07-14,290650,신한투자증권,,
2026-07-14,298040,유안타증권,buy,5000000
2026-07-14,318060,미래에셋증권,,
2026-07-14,329180,SK증권,buy,970000
2026-07-14,336260,유진투자증권,buy,80000
2026-07-14,352820,유진투자증권,buy,340000
2026-07-14,375500,키움증권,buy,120000
2026-07-14,383220,유진투자증권,buy,100000
2026-07-14,462870,키움증권,buy,65000
2026-07-15,000660,KB증권,buy,4200000
2026-07-15,002350,신한투자증권,buy,10000
2026-07-15,003490,KB증권,hold,
2026-07-15,003490,KB증권,buy,40000
2026-07-15,003490,LS증권,buy,33000
2026-07-15,003490,iM증권,buy,40000
2026-07-15,003490,미래에셋증권,buy,33000
2026-07-15,003490,신한투자증권,buy,38000
2026-07-15,003490,유안타증권,buy,38000
2026-07-15,005930,KB증권,buy,600000
2026-07-15,006360,유진투자증권,buy,46000
2026-07-15,006800,SK증권,buy,51000
2026-07-15,007340,하나증권,buy,60000
2026-07-15,009540,키움증권,buy,600000
2026-07-15,010140,키움증권,buy,42000
2026-07-15,011210,한화투자증권,buy,100000
2026-07-15,015760,메리츠증권,buy,57000
2026-07-15,017670,SK증권,buy,110000
2026-07-15,017670,미래에셋증권,buy,120000
2026-07-15,021240,한화투자증권,buy,150000
2026-07-15,028050,유진투자증권,buy,68000
2026-07-15,028670,신한투자증권,buy,7500
2026-07-15,032350,KB증권,,
2026-07-15,033780,하나증권,buy,210000
2026-07-15,035900,유진투자증권,buy,78000
2026-07-15,041510,유진투자증권,buy,110000
2026-07-15,042660,키움증권,buy,144000
2026-07-15,047040,IBK투자증권,buy,31000
2026-07-15,064350,SK증권,buy,310000
2026-07-15,064400,LS증권,buy,96000
2026-07-15,073240,신한투자증권,buy,8500
2026-07-15,073490,하나증권,buy,80000
2026-07-15,088350,한화투자증권,buy,6100
2026-07-15,096770,KB증권,buy,180000
2026-07-15,105630,KB증권,buy,13000
2026-07-15,122870,유진투자증권,buy,63000
2026-07-15,122870,한국IR협의회,,
2026-07-15,122870,한국IR협의회,투자의견없음,
2026-07-15,146320,신한투자증권,buy,15000
2026-07-15,196170,하나증권,buy,580000
2026-07-15,204320,키움증권,hold,49000
2026-07-15,204320,하나증권,buy,69000
2026-07-15,229640,키움증권,buy,57000
2026-07-15,237690,IBK투자증권,buy,200000
2026-07-15,264660,한국IR협의회,,
2026-07-15,264660,한국IR협의회,투자의견없음,
2026-07-15,306200,하나증권,buy,200000
2026-07-15,329180,키움증권,buy,880000
2026-07-15,375500,IBK투자증권,buy,107000
2026-07-15,375500,교보증권,buy,73000
2026-07-15,375500,유진투자증권,buy,121000
2026-07-15,383220,KB증권,buy,100000
2026-07-15,456010,하나증권,buy,60000
2026-07-15,460860,하나증권,buy,14000
2026-07-15,494120,미래에셋증권,,
2026-07-16,000270,iM증권,buy,240000
2026-07-16,000660,한화투자증권,투자의견없음,
2026-07-16,000720,LS증권,buy,175000
2026-07-16,000720,미래에셋증권,buy,175000
2026-07-16,000720,신한투자증권,buy,170000
2026-07-16,000810,대신증권,buy,870000
2026-07-16,001430,신한투자증권,buy,60000
2026-07-16,001440,미래에셋증권,buy,35000
2026-07-16,005380,KB증권,positive,
2026-07-16,005380,iM증권,buy,650000
2026-07-16,005440,IBK투자증권,buy,19000
2026-07-16,009150,IBK투자증권,buy,1750000
2026-07-16,010120,미래에셋증권,buy,230000
2026-07-16,011070,KB증권,buy,2000000
2026-07-16,012330,iM증권,buy,580000
2026-07-16,015760,신한투자증권,buy,45000
2026-07-16,017670,메리츠증권,buy,111000
2026-07-16,018880,LS증권,buy,4300
2026-07-16,030200,메리츠증권,buy,74000
2026-07-16,032640,메리츠증권,buy,18000
2026-07-16,035250,신한투자증권,buy,19000
2026-07-16,047050,유안타증권,buy,112000
2026-07-16,060370,LS증권,buy,44000
2026-07-16,062040,미래에셋증권,buy,250000
2026-07-16,064350,키움증권,buy,340000
2026-07-16,077360,메리츠증권,,
2026-07-16,083450,신한투자증권,,
2026-07-16,086450,하나증권,,
2026-07-16,096770,하나증권,buy,200000
2026-07-16,103590,미래에셋증권,buy,95000
2026-07-16,128940,IBK투자증권,buy,530000
2026-07-16,144960,키움증권,,
2026-07-16,185750,키움증권,buy,80000
2026-07-16,192820,신한투자증권,buy,240000
2026-07-16,204320,iM증권,buy,80000
2026-07-16,214150,키움증권,buy,58000
2026-07-16,214450,교보증권,buy,530000
2026-07-16,214450,신한투자증권,buy,430000
2026-07-16,214450,키움증권,buy,510000
2026-07-16,229640,LS증권,buy,73000
2026-07-16,230240,하나증권,buy,50000
2026-07-16,234300,한국IR협의회,,
2026-07-16,267260,미래에셋증권,buy,1300000
2026-07-16,294870,신한투자증권,buy,29000
2026-07-16,294870,한화투자증권,buy,32000
2026-07-16,298040,SK증권,buy,4000000
2026-07-16,298040,미래에셋증권,buy,5000000
2026-07-16,375500,상상인증권,buy,85000
2026-07-16,440110,신한투자증권,,130000
2026-07-20,000720,교보증권,buy,180000
2026-07-20,000720,메리츠증권,buy,176000
2026-07-20,000720,유진투자증권,buy,178000
2026-07-20,0007C0,한국IR협의회,,
2026-07-20,003230,교보증권,buy,1860000
2026-07-20,003550,iM증권,buy,115000
2026-07-20,004800,iM증권,buy,185000
2026-07-20,005380,KB증권,buy,900000
2026-07-20,006040,하나증권,buy,60000
2026-07-20,006400,신한투자증권,buy,700000
2026-07-20,009150,하나증권,buy,3000000
2026-07-20,010120,KB증권,buy,280000
2026-07-20,012450,키움증권,buy,1720000
2026-07-20,017670,신한투자증권,buy,100000
2026-07-20,017810,메리츠증권,,
2026-07-20,023530,LS증권,buy,190000
2026-07-20,023790,NICE평가정보,,
2026-07-20,025750,NICE평가정보,,
2026-07-20,028050,KB증권,buy,67000
2026-07-20,030000,메리츠증권,buy,26000
2026-07-20,032830,한화투자증권,hold,346000
2026-07-20,034120,신한투자증권,buy,17000
2026-07-20,035760,메리츠증권,buy,70000
2026-07-20,035900,KB증권,buy,75000
2026-07-20,041510,키움증권,buy,110000
2026-07-20,047040,유진투자증권,buy,24000
2026-07-20,058610,IBK투자증권,buy,100000
2026-07-20,058860,NICE평가정보,,
2026-07-20,066970,LS증권,hold,83000
2026-07-20,069620,KB증권,buy,210000
2026-07-20,086280,KB증권,buy,360000
2026-07-20,088350,하나증권,buy,7300
2026-07-20,090430,유진투자증권,buy,150000
2026-07-20,094820,서울평가정보,,
2026-07-20,097950,LS증권,buy,270000
2026-07-20,122870,SK증권,buy,63000
2026-07-20,122870,키움증권,buy,60000
2026-07-20,128940,KB증권,buy,630000
2026-07-20,131970,메리츠증권,buy,164000
2026-07-20,161390,LS증권,buy,93000
2026-07-20,161390,메리츠증권,buy,120000
2026-07-20,195940,KB증권,buy,77000
2026-07-20,214320,메리츠증권,buy,25000
2026-07-20,237690,KB증권,buy,200000
2026-07-20,251270,메리츠증권,buy,60000
2026-07-20,252990,메리츠증권,,
2026-07-20,253450,메리츠증권,buy,48000
2026-07-20,257720,한화투자증권,buy,55000
2026-07-20,272210,키움증권,buy,140000
2026-07-20,294870,유진투자증권,buy,30000
2026-07-20,298020,하나증권,buy,590000
2026-07-20,352820,키움증권,buy,330000
2026-07-20,375500,KB증권,buy,97000
2026-07-20,900310,서울평가정보,,
2026-07-21,000100,KB증권,buy,125000
2026-07-21,000880,SK증권,buy,130000
2026-07-21,001430,한화투자증권,buy,54000
2026-07-21,003230,유안타증권,buy,2000000
2026-07-21,004370,유안타증권,buy,530000
2026-07-21,005380,미래에셋증권,buy,840000
2026-07-21,006280,키움증권,buy,190000
2026-07-21,006360,KB증권,buy,39000
2026-07-21,007070,유진투자증권,buy,34000
2026-07-21,009830,메리츠증권,투자의견없음,
2026-07-21,017670,iM증권,buy,112000
2026-07-21,017670,유진투자증권,hold,94000
2026-07-21,017670,유진투자증권,hold,
2026-07-21,018880,한화투자증권,buy,5100
2026-07-21,030200,iM증권,buy,70000
2026-07-21,030200,유진투자증권,buy,73000
2026-07-21,031430,SK증권,buy,18000
2026-07-21,032640,iM증권,buy,19500
2026-07-21,032640,유진투자증권,buy,19000
2026-07-21,033780,유안타증권,buy,250000
2026-07-21,035900,SK증권,buy,75000
2026-07-21,035900,유안타증권,buy,70000
2026-07-21,041510,신한투자증권,buy,110000
2026-07-21,047810,키움증권,buy,230000
2026-07-21,061090,한국IR협의회,,
2026-07-21,061090,한국IR협의회,투자의견없음,
2026-07-21,064400,교보증권,buy,89000
2026-07-21,069960,LS증권,buy,200000
2026-07-21,078340,한국IR협의회,,
2026-07-21,079550,대신증권,buy,990000
2026-07-21,095660,한국IR협의회,,
2026-07-21,097950,유안타증권,buy,260000
2026-07-21,103140,한화투자증권,buy,103000
2026-07-21,105630,SK증권,buy,11000
2026-07-21,122870,iM증권,buy,60000
2026-07-21,122870,유안타증권,buy,57000
2026-07-21,161390,한화투자증권,buy,90000
2026-07-21,183300,SK증권,buy,100000
2026-07-21,185750,iM증권,buy,90000
2026-07-21,189300,iM증권,buy,89000
2026-07-21,192080,유진투자증권,buy,78000
2026-07-21,192410,한국IR협의회,,
2026-07-21,192410,한국IR협의회,투자의견없음,
2026-07-21,207940,대신증권,buy,2000000
2026-07-21,207940,키움증권,,
2026-07-21,214320,KB증권,buy,23000
2026-07-21,241560,신한투자증권,buy,83000
2026-07-21,271560,유안타증권,buy,172000
2026-07-21,280360,유안타증권,buy,140000
2026-07-21,294870,IBK투자증권,buy,35000
2026-07-21,294870,KB증권,buy,30000
2026-07-21,294870,키움증권,buy,34000
2026-07-21,326030,하나증권,buy,150000
2026-07-21,332570,신한투자증권,,
2026-07-21,353200,iM증권,buy,200000
2026-07-21,353200,메리츠증권,buy,200000
2026-07-21,357780,SK증권,buy,500000
2026-07-21,383220,SK증권,buy,94000
2026-07-22,000120,신한투자증권,buy,110000
2026-07-22,000660,KB증권,buy,4200000
2026-07-22,000720,KB증권,buy,170000
2026-07-22,003030,한화투자증권,buy,207000
2026-07-22,004800,대신증권,buy,200000
2026-07-22,005940,SK증권,buy,44000
2026-07-22,006280,IBK투자증권,buy,190000
2026-07-22,006280,SK증권,buy,200000
2026-07-22,006280,미래에셋증권,buy,180000
2026-07-22,011200,신한투자증권,hold,
2026-07-22,014830,KB증권,buy,93000
2026-07-22,034020,유안타증권,buy,149000
2026-07-22,034220,KB증권,,17000
2026-07-22,035760,대신증권,buy,56000
2026-07-22,047040,KB증권,buy,20000
2026-07-22,064850,유진투자증권,,
2026-07-22,066570,메리츠증권,buy,260000
2026-07-22,079160,DS투자증권,buy,8000
2026-07-22,081660,한화투자증권,buy,78000
2026-07-22,082920,IBK투자증권,buy,38000
2026-07-22,089860,키움증권,buy,45000
2026-07-22,089890,SK증권,buy,48000
2026-07-22,122870,KB증권,buy,60000
2026-07-22,160550,DS투자증권,,
2026-07-22,166090,신한투자증권,buy,83000
2026-07-22,253450,대신증권,buy,39000
2026-07-22,280360,하나증권,buy,200000
2026-07-22,306200,한화투자증권,buy,207000
2026-07-22,323410,유안타증권,buy,28000
2026-07-22,383220,한화투자증권,buy,105000
2026-07-23,001430,상상인증권,buy,62000
2026-07-23,003620,키움증권,,
2026-07-23,005070,SK증권,buy,48000
2026-07-23,005380,KB증권,buy,900000
2026-07-23,005930,KB증권,buy,600000
2026-07-23,005930,KB증권,,
2026-07-23,005940,KB증권,buy,43000
2026-07-23,009150,KB증권,positive,
2026-07-23,009150,메리츠증권,buy,3000000
2026-07-23,010120,KB증권,,280000
2026-07-23,010130,신한투자증권,buy,1600000
2026-07-23,011200,상상인증권,hold,22000
2026-07-23,014830,iM증권,buy,85000
2026-07-23,018880,유안타증권,buy,4300
2026-07-23,028050,KB증권,buy,71000
2026-07-23,028050,KB증권,,67000
2026-07-23,028260,KB증권,buy,490000
2026-07-23,032640,미래에셋증권,buy,19000
2026-07-23,034020,KB증권,buy,140000
2026-07-23,034220,SK증권,buy,16000
2026-07-23,034220,iM증권,buy,14000
2026-07-23,034220,대신증권,buy,17000
2026-07-23,034220,신한투자증권,buy,16000
2026-07-23,039490,SK증권,buy,500000
2026-07-23,041510,SK증권,buy,120000
2026-07-23,047050,키움증권,buy,80000
2026-07-23,051600,대신증권,buy,64000
2026-07-23,051910,iM증권,buy,370000
2026-07-23,053690,한화투자증권,buy,36000
2026-07-23,055550,KB증권,buy,140000
2026-07-23,055550,KB증권,,133000
2026-07-23,075130,교보증권,,
2026-07-23,081660,유진투자증권,buy,55000
2026-07-23,086280,KB증권,buy,360000
2026-07-23,111770,신한투자증권,buy,110000
2026-07-23,144960,IBK투자증권,buy,15000
2026-07-23,207940,KB증권,,1900000
2026-07-23,214150,교보증권,buy,70000
2026-07-23,218410,하나증권,buy,150000
2026-07-23,241560,KB증권,buy,92500
2026-07-23,241560,KB증권,,92500
2026-07-23,267260,KB증권,buy,1430000
2026-07-23,287840,하나증권,,
2026-07-23,326030,iM증권,buy,130000
2026-07-23,330860,키움증권,,
2026-07-23,383220,신한투자증권,buy,99000
2026-07-23,483650,KB증권,buy,270000
2026-07-23,494120,미래에셋증권,,
2026-07-24,000120,상상인증권,buy,110000
2026-07-24,000120,하나증권,buy,120000
2026-07-24,000270,KB증권,buy,250000
2026-07-24,000660,KB증권,,
2026-07-24,004020,KB증권,,
2026-07-24,004800,대신증권,buy,200000
2026-07-24,005090,DS투자증권,buy,83000
2026-07-24,005090,SK증권,buy,86000
2026-07-24,005090,하나증권,buy,76000
2026-07-24,005380,DS투자증권,buy,840000
2026-07-24,005380,LS증권,buy,720000
2026-07-24,005380,iM증권,buy,650000
2026-07-24,005380,교보증권,buy,740000
2026-07-24,005380,대신증권,buy,740000
2026-07-24,005380,미래에셋증권,buy,840000
2026-07-24,005380,신한투자증권,buy,780000
2026-07-24,005380,유안타증권,buy,570000
2026-07-24,005380,유안타증권,,570000
2026-07-24,005380,유진투자증권,buy,900000
2026-07-24,005380,키움증권,buy,700000
2026-07-24,005380,한화투자증권,buy,760000
2026-07-24,005940,SK증권,buy,44000
2026-07-24,005940,iM증권,buy,41000
2026-07-24,005940,교보증권,buy,41000
2026-07-24,005940,메리츠증권,buy,44000
2026-07-24,005940,키움증권,buy,44000
2026-07-24,005940,하나증권,buy,44000
2026-07-24,006110,SK증권,,
2026-07-24,007660,SK증권,buy,180000
2026-07-24,009150,iM증권,buy,3000000
2026-07-24,010060,iM증권,,
2026-07-24,010060,교보증권,buy,430000
2026-07-24,010060,미래에셋증권,buy,460000
2026-07-24,010060,유진투자증권,buy,400000
2026-07-24,010060,키움증권,buy,420000
2026-07-24,010060,하나증권,buy,550000
2026-07-24,010120,IBK투자증권,buy,280000
2026-07-24,010120,KB증권,buy,330000
2026-07-24,010120,LS증권,buy,350000
2026-07-24,010120,SK증권,buy,310000
2026-07-24,010120,교보증권,buy,320000
2026-07-24,010120,대신증권,buy,330000
2026-07-24,010120,미래에셋증권,buy,280000
2026-07-24,010120,신한투자증권,buy,250000
2026-07-24,010120,유안타증권,buy,300000
2026-07-24,010120,하나증권,buy,270000
2026-07-24,010140,KB증권,buy,35000
2026-07-24,010950,KB증권,positive,
2026-07-24,012330,KB증권,buy,900000
2026-07-24,015260,NICE평가정보,,
2026-07-24,017670,KB증권,buy,150000
2026-07-24,017670,미래에셋증권,buy,120000
2026-07-24,017670,신한투자증권,buy,100000
2026-07-24,017960,DS투자증권,buy,50000
2026-07-24,028050,IBK투자증권,buy,68000
2026-07-24,028050,iM증권,buy,69000
2026-07-24,028050,교보증권,buy,67000
2026-07-24,028050,대신증권,buy,68000
2026-07-24,028050,메리츠증권,buy,76000
2026-07-24,028050,미래에셋증권,buy,70000
2026-07-24,028050,신한투자증권,buy,68000
2026-07-24,028050,유진투자증권,buy,77000
2026-07-24,028050,키움증권,buy,73000
2026-07-24,028050,하나증권,buy,67000
2026-07-24,028050,한화투자증권,buy,70000
2026-07-24,030000,KB증권,buy,24000
2026-07-24,035600,신한투자증권,buy,14000
2026-07-24,036560,서울평가정보,,
2026-07-24,036570,신한투자증권,buy,330000
2026-07-24,039610,서울평가정보,,
2026-07-24,042040,NICE평가정보,,
2026-07-24,050890,하나증권,buy,30000
2026-07-24,055550,iM증권,buy,132000
2026-07-24,055550,교보증권,buy,134000
2026-07-24,055550,대신증권,buy,130000
2026-07-24,055550,미래에셋증권,buy,131000
2026-07-24,055550,유안타증권,buy,140000
2026-07-24,055550,키움증권,buy,150000
2026-07-24,055550,하나증권,buy,135000
2026-07-24,055550,한화투자증권,buy,137000
2026-07-24,060720,메리츠증권,buy,16000
2026-07-24,064350,KB증권,buy,270000
2026-07-24,064350,KB증권,,270000
2026-07-24,065500,NICE평가정보,,
2026-07-24,073490,미래에셋증권,buy,50000
2026-07-24,086280,LS증권,buy,320000
2026-07-24,086280,미래에셋증권,buy,310000
2026-07-24,086280,신한투자증권,buy,320000
2026-07-24,086280,유안타증권,buy,320000
2026-07-24,086280,하나증권,buy,310000
2026-07-24,086280,한화투자증권,buy,380000
2026-07-24,086390,한국IR협의회,,
2026-07-24,086390,한국IR협의회,투자의견없음,
2026-07-24,086790,KB증권,buy,170000
2026-07-24,105560,iM증권,buy,205000
2026-07-24,105560,교보증권,buy,210000
2026-07-24,105560,대신증권,buy,232000
2026-07-24,105560,신한투자증권,buy,200000
2026-07-24,105560,유안타증권,buy,235000
2026-07-24,105560,키움증권,buy,230000
2026-07-24,105560,하나증권,buy,220000
2026-07-24,105560,한화투자증권,buy,226000
2026-07-24,175330,교보증권,buy,38000
2026-07-24,175330,메리츠증권,buy,41500
2026-07-24,175330,신한투자증권,buy,33000
2026-07-24,175330,유안타증권,buy,40000
2026-07-24,175330,키움증권,buy,42000
2026-07-24,180400,서울평가정보,,
2026-07-24,189300,유진투자증권,buy,140000
2026-07-24,195940,IBK투자증권,buy,66000
2026-07-24,195940,한국IR협의회,,
2026-07-24,195940,한국IR협의회,투자의견없음,
2026-07-24,201490,서울평가정보,,
2026-07-24,207940,DS투자증권,buy,1950000
2026-07-24,207940,IBK투자증권,buy,2090000
2026-07-24,207940,iM증권,buy,1900000
2026-07-24,207940,교보증권,buy,1900000
2026-07-24,207940,대신증권,buy,2000000
2026-07-24,207940,메리츠증권,buy,2000000
2026-07-24,207940,신한투자증권,buy,1800000
2026-07-24,207940,키움증권,buy,2100000
2026-07-24,207940,하나증권,buy,2050000
2026-07-24,227420,서울평가정보,,
2026-07-24,230240,하나증권,buy,50000
2026-07-24,241560,신한투자증권,buy,90000
2026-07-24,241560,키움증권,buy,96000
2026-07-24,244880,NICE평가정보,,
2026-07-24,251970,한화투자증권,buy,67000
2026-07-24,254160,NICE평가정보,,
2026-07-24,256940,서울평가정보,,
2026-07-24,294870,KB증권,,30000
2026-07-24,316140,KB증권,buy,43000
2026-07-24,336260,KB증권,,74000
2026-07-24,483650,한화투자증권,buy,290000
2026-07-27,000270,DS투자증권,buy,210000
2026-07-27,000270,IBK투자증권,buy,200000
2026-07-27,000270,LS증권,buy,200000
2026-07-27,000270,iM증권,buy,240000
2026-07-27,000270,교보증권,buy,210000
2026-07-27,000270,대신증권,buy,255000
2026-07-27,000270,메리츠증권,buy,220000
2026-07-27,000270,미래에셋증권,buy,240000
2026-07-27,000270,신한투자증권,buy,240000
2026-07-27,000270,유안타증권,buy,190000
2026-07-27,000270,유진투자증권,buy,250000
2026-07-27,000270,키움증권,buy,205000
2026-07-27,000270,하나증권,buy,190000
2026-07-27,000270,한화투자증권,buy,280000
2026-07-27,0004V0,한국IR협의회,,
2026-07-27,000720,KB증권,positive,
2026-07-27,000880,iM증권,buy,138000
2026-07-27,005930,KB증권,,
2026-07-27,005940,대신증권,buy,45000
2026-07-27,007690,하나증권,buy,62000
2026-07-27,010140,DS투자증권,buy,42000
2026-07-27,010140,LS증권,buy,32000
2026-07-27,010140,iM증권,buy,35000
2026-07-27,010140,메리츠증권,buy,40000
2026-07-27,010140,상상인증권,buy,43000
2026-07-27,010140,신한투자증권,buy,32000
2026-07-27,010140,키움증권,buy,42000
2026-07-27,010140,하나증권,buy,40000
2026-07-27,011210,DS투자증권,buy,90000
2026-07-27,011210,대신증권,buy,90000
2026-07-27,011210,메리츠증권,buy,100000
2026-07-27,011210,신한투자증권,buy,87000
2026-07-27,011210,유진투자증권,buy,95000
2026-07-27,011210,하나증권,buy,83000
2026-07-27,011210,한화투자증권,buy,100000
2026-07-27,012330,DS투자증권,buy,800000
2026-07-27,012330,LS증권,buy,750000
2026-07-27,012330,iM증권,buy,580000
2026-07-27,012330,교보증권,buy,700000
2026-07-27,012330,대신증권,buy,690000
2026-07-27,012330,메리츠증권,buy,900000
2026-07-27,012330,미래에셋증권,buy,920000
2026-07-27,012330,신한투자증권,buy,790000
2026-07-27,012330,유안타증권,buy,780000
2026-07-27,012330,유진투자증권,buy,740000
2026-07-27,012330,키움증권,buy,750000
2026-07-27,012330,하나증권,buy,680000
2026-07-27,012330,한화투자증권,buy,810000
2026-07-27,0126Z0,대신증권,buy,560000
2026-07-27,0126Z0,하나증권,buy,620000
2026-07-27,030000,대신증권,buy,27000
2026-07-27,030000,유진투자증권,buy,26000
2026-07-27,030000,키움증권,buy,25000
2026-07-27,034020,KB증권,,140000
2026-07-27,035420,KB증권,positive,
2026-07-27,041510,한국IR협의회,,
2026-07-27,041510,한국IR협의회,투자의견없음,
2026-07-27,042660,KB증권,buy,130000
2026-07-27,042660,KB증권,,130000
2026-07-27,054050,한국IR협의회,,
2026-07-27,054050,한국IR협의회,투자의견없음,
2026-07-27,055550,LS증권,buy,130000
2026-07-27,062040,SK증권,buy,360000
2026-07-27,064350,DS투자증권,buy,236000
2026-07-27,064350,LS증권,buy,330000
2026-07-27,064350,iM증권,buy,280000
2026-07-27,064350,대신증권,buy,240000
2026-07-27,064350,신한투자증권,buy,230000
2026-07-27,068270,KB증권,buy,270000
2026-07-27,068270,KB증권,,270000
2026-07-27,086790,LS증권,buy,160000
2026-07-27,086790,iM증권,buy,153000
2026-07-27,086790,교보증권,buy,156000
2026-07-27,086790,대신증권,buy,160000
2026-07-27,086790,미래에셋증권,buy,179000
2026-07-27,086790,신한투자증권,buy,150000
2026-07-27,086790,유안타증권,buy,175000
2026-07-27,086790,키움증권,buy,175000
2026-07-27,086790,하나증권,buy,166000
2026-07-27,086790,한화투자증권,buy,176000
2026-07-27,105560,LS증권,buy,215000
2026-07-27,175330,LS증권,buy,33000
2026-07-27,175330,미래에셋증권,buy,35000
2026-07-27,175330,한화투자증권,buy,40000
2026-07-27,189330,키움증권,,
2026-07-27,207940,KB증권,buy,1900000
2026-07-27,207940,KB증권,positive,
2026-07-27,207940,미래에셋증권,buy,2100000
2026-07-27,294870,IBK투자증권,buy,35000
2026-07-27,294870,LS증권,buy,28000
2026-07-27,294870,iM증권,buy,28000
2026-07-27,294870,교보증권,buy,29000
2026-07-27,294870,신한투자증권,buy,29000
2026-07-27,294870,유진투자증권,buy,30000
2026-07-27,294870,키움증권,buy,34000
2026-07-27,294870,하나증권,buy,29000
2026-07-27,316140,LS증권,buy,42000
2026-07-27,316140,iM증권,buy,42000
2026-07-27,316140,교보증권,buy,40000
2026-07-27,316140,미래에셋증권,buy,43000
2026-07-27,316140,신한투자증권,buy,39000
2026-07-27,316140,유안타증권,buy,48000
2026-07-27,316140,키움증권,buy,48000
2026-07-27,316140,하나증권,buy,43000
2026-07-27,316140,한화투자증권,buy,43000
2026-07-27,322000,DS투자증권,buy,260000
2026-07-27,322000,교보증권,buy,275000
2026-07-27,336260,DS투자증권,buy,47000
2026-07-27,336260,메리츠증권,buy,76000
2026-07-27,336260,미래에셋증권,hold,42000
2026-07-27,336260,하나증권,buy,70000
2026-07-27,336370,SK증권,buy,17000
2026-07-27,336370,유진투자증권,buy,13000
2026-07-27,420770,메리츠증권,투자의견없음,
2026-07-27,443060,KB증권,buy,310000
2026-07-27,443060,KB증권,,310000
2026-07-27,460860,하나증권,buy,14000
2026-07-28,000150,DS투자증권,,
2026-07-28,000150,교보증권,buy,1800000
2026-07-28,000150,대신증권,buy,1840000
2026-07-28,000150,메리츠증권,buy,2400000
2026-07-28,000150,신한투자증권,buy,2100000
2026-07-28,000150,유진투자증권,buy,2580000
2026-07-28,000150,키움증권,buy,2200000
2026-07-28,000150,하나증권,buy,2420000
2026-07-28,003540,SK증권,buy,42000
2026-07-28,005930,KB증권,positive,
2026-07-28,009240,미래에셋증권,buy,48000
2026-07-28,011070,DS투자증권,buy,1300000
2026-07-28,011070,IBK투자증권,buy,850000
2026-07-28,011070,KB증권,buy,2000000
2026-07-28,011070,SK증권,buy,1000000
2026-07-28,011070,iM증권,buy,910000
2026-07-28,011070,교보증권,buy,1300000
2026-07-28,011070,대신증권,buy,1300000
2026-07-28,011070,메리츠증권,buy,1200000
2026-07-28,011070,미래에셋증권,buy,950000
2026-07-28,011070,신한투자증권,buy,1100000
2026-07-28,011070,유안타증권,buy,1400000
2026-07-28,011070,유진투자증권,buy,900000
2026-07-28,011070,키움증권,buy,1100000
2026-07-28,011210,LS증권,buy,68000
2026-07-28,015760,한화투자증권,buy,47000
2026-07-28,017670,KB증권,positive,
2026-07-28,017670,KB증권,buy,150000
2026-07-28,024110,iM증권,buy,27000
2026-07-28,024110,신한투자증권,buy,26000
2026-07-28,024110,키움증권,buy,30000
2026-07-28,029780,하나증권,buy,66000
2026-07-28,032640,KB증권,buy,21000
2026-07-28,034020,IBK투자증권,buy,140000
2026-07-28,034020,KB증권,buy,140000
2026-07-28,034020,LS증권,buy,120000
2026-07-28,034020,메리츠증권,buy,131000
2026-07-28,034020,미래에셋증권,buy,100000
2026-07-28,034020,신한투자증권,buy,135000
2026-07-28,034020,유안타증권,buy,149000
2026-07-28,034020,유진투자증권,buy,110000
2026-07-28,034020,키움증권,buy,130000
2026-07-28,034020,하나증권,buy,165000
2026-07-28,035420,KB증권,buy,330000
2026-07-28,035420,하나증권,buy,400000
2026-07-28,039030,iM증권,buy,485000
2026-07-28,042660,DS투자증권,buy,145000
2026-07-28,042660,LS증권,buy,140000
2026-07-28,042660,SK증권,buy,134000
2026-07-28,042660,iM증권,buy,134000
2026-07-28,042660,메리츠증권,buy,140000
2026-07-28,042660,상상인증권,buy,130000
2026-07-28,042660,신한투자증권,buy,130000
2026-07-28,042660,유안타증권,buy,179000
2026-07-28,042660,유진투자증권,buy,137000
2026-07-28,042660,키움증권,buy,144000
2026-07-28,042660,하나증권,buy,175000
2026-07-28,068270,DS투자증권,buy,320000
2026-07-28,068270,iM증권,buy,260000
2026-07-28,068270,대신증권,buy,280000
2026-07-28,068270,메리츠증권,buy,290000
2026-07-28,068270,미래에셋증권,buy,280000
2026-07-28,068270,상상인증권,buy,290000
2026-07-28,068270,신한투자증권,buy,290000
2026-07-28,068270,유안타증권,buy,280000
2026-07-28,069260,IBK투자증권,buy,24000
2026-07-28,077360,IBK투자증권,buy,18000
2026-07-28,079370,한국IR협의회,,
2026-07-28,079370,한국IR협의회,투자의견없음,
2026-07-28,089860,LS증권,buy,51000
2026-07-28,095340,신한투자증권,buy,220000
2026-07-28,095340,하나증권,buy,250000
2026-07-28,099190,미래에셋증권,buy,40000
2026-07-28,108320,iM증권,hold,43000
2026-07-28,114810,한화투자증권,buy,15000
2026-07-28,128940,KB증권,,630000
2026-07-28,139130,iM증권,buy,23000
2026-07-28,139130,미래에셋증권,buy,25000
2026-07-28,139130,신한투자증권,buy,23000
2026-07-28,139130,키움증권,buy,25500
2026-07-28,139130,하나증권,buy,24500
2026-07-28,139130,한화투자증권,buy,25000
2026-07-28,139480,교보증권,buy,110000
2026-07-28,140860,SK증권,buy,350000
2026-07-28,181710,KB증권,buy,68000
2026-07-28,218410,신한투자증권,buy,81000
2026-07-28,237690,IBK투자증권,buy,200000
2026-07-28,237690,KB증권,buy,200000
2026-07-28,267260,KB증권,,1430000
2026-07-28,272110,KB증권,,
2026-07-28,272210,KB증권,buy,85000
2026-07-28,316140,대신증권,buy,43000
2026-07-28,327260,하나증권,buy,75000
2026-07-28,352820,KB증권,buy,350000
2026-07-28,352820,KB증권,,350000
2026-07-28,403870,한국IR협의회,,
2026-07-28,403870,한국IR협의회,투자의견없음,
2026-07-28,420570,SK증권,,
2026-07-28,441270,유안타증권,,
2026-07-28,443060,메리츠증권,buy,300000
2026-07-28,443060,신한투자증권,,
2026-07-28,443060,하나증권,buy,330000
2026-07-29,000120,LS증권,buy,120000
2026-07-29,000660,KB증권,,4200000
2026-07-29,000660,SK증권,,
2026-07-29,000660,미래에셋증권,buy,2800000
2026-07-29,000880,키움증권,buy,169000
2026-07-29,001500,한국IR협의회,,
2026-07-29,001740,신한투자증권,buy,9500
2026-07-29,002350,KB증권,buy,8100
2026-07-29,002350,KB증권,,9500
2026-07-29,003620,하나증권,,
2026-07-29,005930,KB증권,,
2026-07-29,005930,미래에셋증권,buy,370000
2026-07-29,006360,KB증권,,39000
2026-07-29,011210,교보증권,buy,80000
2026-07-29,017670,하나증권,buy,140000
2026-07-29,024110,미래에셋증권,hold,22000
2026-07-29,024110,유안타증권,buy,25500
2026-07-29,028260,KB증권,,490000
2026-07-29,030200,하나증권,buy,76000
2026-07-29,032640,하나증권,buy,20000
2026-07-29,034020,교보증권,buy,120000
2026-07-29,042660,대신증권,buy,139000
2026-07-29,047810,KB증권,buy,210000
2026-07-29,069620,KB증권,,210000
2026-07-29,071970,SK증권,buy,110000
2026-07-29,086790,iM증권,buy,153000
2026-07-29,094360,유진투자증권,buy,26000
2026-07-29,098460,미래에셋증권,buy,52500
2026-07-29,098460,유진투자증권,buy,41000
2026-07-29,098460,키움증권,,
2026-07-29,105560,iM증권,buy,205000
2026-07-29,119610,키움증권,,
2026-07-29,128940,iM증권,buy,600000
2026-07-29,128940,교보증권,buy,700000
2026-07-29,128940,메리츠증권,buy,
2026-07-29,128940,미래에셋증권,buy,640000
2026-07-29,138930,iM증권,buy,23000
2026-07-29,138930,미래에셋증권,buy,25000
2026-07-29,138930,신한투자증권,buy,21000
2026-07-29,138930,키움증권,buy,24000
2026-07-29,138930,하나증권,buy,24500
2026-07-29,138930,한화투자증권,buy,23500
2026-07-29,139130,유안타증권,buy,26000
2026-07-29,170900,iM증권,buy,50000
2026-07-29,195940,KB증권,,77000
2026-07-29,237690,대신증권,buy,170000
2026-07-29,237690,메리츠증권,buy,
2026-07-29,237690,미래에셋증권,buy,150000
2026-07-29,237690,상상인증권,buy,190000
2026-07-29,237690,유안타증권,buy,200000
2026-07-29,237690,하나증권,buy,190000
2026-07-29,247540,한국IR협의회,,
2026-07-29,247540,한국IR협의회,투자의견없음,
2026-07-29,259960,KB증권,buy,350000
2026-07-29,259960,KB증권,,350000
2026-07-29,267260,IBK투자증권,buy,1200000
2026-07-29,267260,KB증권,buy,1430000
2026-07-29,267260,LS증권,buy,1220000
2026-07-29,267260,SK증권,buy,900000
2026-07-29,267260,교보증권,buy,1000000
2026-07-29,267260,대신증권,buy,1150000
2026-07-29,267260,미래에셋증권,buy,1200000
2026-07-29,267260,신한투자증권,buy,1000000
2026-07-29,267260,유안타증권,buy,1165000
2026-07-29,267260,하나증권,buy,1440000
2026-07-29,267270,KB증권,,180000
2026-07-29,272210,DS투자증권,buy,94000
2026-07-29,272210,LS증권,buy,100000
2026-07-29,272210,SK증권,buy,100000
2026-07-29,272210,iM증권,buy,104000
2026-07-29,272210,대신증권,buy,103000
2026-07-29,272210,신한투자증권,hold,
2026-07-29,272210,유안타증권,buy,136000
2026-07-29,272210,키움증권,buy,121000
2026-07-29,307950,KB증권,buy,650000
2026-07-29,307950,KB증권,,650000
2026-07-29,329180,KB증권,buy,650000
2026-07-29,352820,DS투자증권,buy,350000
2026-07-29,352820,SK증권,buy,350000
2026-07-29,352820,iM증권,buy,330000
2026-07-29,352820,교보증권,buy,320000
2026-07-29,352820,신한투자증권,buy,320000
2026-07-29,352820,유진투자증권,buy,340000
2026-07-29,352820,키움증권,buy,330000
2026-07-29,352820,하나증권,buy,350000
2026-07-29,441270,SK증권,,
2026-07-30,000100,KB증권,buy,125000
2026-07-30,000660,DS투자증권,buy,3100000
2026-07-30,000660,IBK투자증권,buy,4000000
2026-07-30,000660,KB증권,buy,4200000
2026-07-30,000660,SK증권,buy,4000000
2026-07-30,000660,교보증권,buy,4000000
2026-07-30,000660,대신증권,buy,3200000
2026-07-30,000660,신한투자증권,buy,2700000
2026-07-30,000660,키움증권,buy,2200000
2026-07-30,000660,하나증권,buy,3600000
2026-07-30,000660,한화투자증권,buy,3150000
2026-07-30,002350,LS증권,buy,9400
2026-07-30,002350,신한투자증권,buy,10000
2026-07-30,002350,유진투자증권,buy,10000
2026-07-30,002350,하나증권,buy,10500
2026-07-30,005380,DS투자증권,buy,840000
2026-07-30,005490,KB증권,buy,533000
2026-07-30,005490,KB증권,,533000
2026-07-30,005930,KB증권,,600000
2026-07-30,006360,IBK투자증권,buy,45000
2026-07-30,006360,LS증권,buy,38000
2026-07-30,006360,iM증권,buy,35000
2026-07-30,006360,교보증권,buy,34000
2026-07-30,006360,대신증권,buy,36000
2026-07-30,006360,미래에셋증권,buy,49000
2026-07-30,006360,신한투자증권,buy,38000
2026-07-30,006360,유진투자증권,buy,34000
2026-07-30,006360,키움증권,buy,43000
2026-07-30,006360,하나증권,buy,36000
2026-07-30,006360,한화투자증권,buy,41000
2026-07-30,009150,KB증권,,3000000
2026-07-30,009540,KB증권,buy,500000
2026-07-30,009540,SK증권,buy,640000
2026-07-30,009830,iM증권,buy,40000
2026-07-30,009830,교보증권,buy,43000
2026-07-30,009830,미래에셋증권,buy,38000
2026-07-30,009830,신한투자증권,buy,40000
2026-07-30,009830,유진투자증권,buy,60000
2026-07-30,009830,키움증권,buy,60000
2026-07-30,009830,하나증권,buy,60000
2026-07-30,010060,삼성증권,buy,350000
2026-07-30,011780,삼성증권,buy,175000
2026-07-30,016380,신한투자증권,buy,7600
2026-07-30,017670,삼성증권,buy,115000
2026-07-30,018260,KB증권,buy,270000
2026-07-30,018260,KB증권,,270000
2026-07-30,028260,LS증권,buy,500000
2026-07-30,028260,SK증권,buy,450000
2026-07-30,028260,미래에셋증권,buy,490000
2026-07-30,028260,신한투자증권,buy,420000
2026-07-30,028260,유진투자증권,buy,420000
2026-07-30,028260,하나증권,buy,420000
2026-07-30,030200,삼성증권,buy,73000
2026-07-30,032640,삼성증권,buy,21000
2026-07-30,034020,대신증권,buy,110000
2026-07-30,036570,삼성증권,buy,290000
2026-07-30,039490,KB증권,,500000
2026-07-30,041510,삼성증권,buy,114000
2026-07-30,047050,KB증권,buy,83000
2026-07-30,047050,KB증권,,100000
2026-07-30,047810,KB증권,buy,180000
2026-07-30,047810,LS증권,buy,190000
2026-07-30,047810,SK증권,buy,190000
2026-07-30,047810,iM증권,buy,151000
2026-07-30,047810,대신증권,buy,165000
2026-07-30,047810,신한투자증권,buy,140000
2026-07-30,047810,유진투자증권,buy,159000
2026-07-30,051900,KB증권,buy,330000
2026-07-30,051900,LS증권,buy,350000
2026-07-30,051900,교보증권,,310000
2026-07-30,051900,신한투자증권,buy,335000
2026-07-30,051900,유진투자증권,buy,320000
2026-07-30,051900,하나증권,,
2026-07-30,069620,iM증권,buy,180000
2026-07-30,069620,교보증권,buy,200000
2026-07-30,069620,키움증권,buy,170000
2026-07-30,090430,KB증권,,180000
2026-07-30,096770,KB증권,buy,180000
2026-07-30,128940,신한투자증권,buy,510000
2026-07-30,138930,유안타증권,buy,23000
2026-07-30,192080,삼성증권,buy,80000
2026-07-30,195870,교보증권,buy,85000
2026-07-30,195870,키움증권,buy,80000
2026-07-30,195940,iM증권,buy,60000
2026-07-30,195940,키움증권,buy,51000
2026-07-30,204320,KB증권,buy,77000
2026-07-30,204320,KB증권,,82000
2026-07-30,251270,삼성증권,buy,49000
2026-07-30,259960,교보증권,buy,390000
2026-07-30,259960,삼성증권,buy,320000
2026-07-30,259960,신한투자증권,buy,300000
2026-07-30,259960,유안타증권,buy,380000
2026-07-30,259960,유진투자증권,buy,400000
2026-07-30,259960,키움증권,buy,290000
2026-07-30,259960,하나증권,buy,460000
2026-07-30,265740,키움증권,,
2026-07-30,267270,신한투자증권,buy,180000
2026-07-30,267270,키움증권,buy,214000
2026-07-30,307950,LS증권,buy,540000
2026-07-30,307950,교보증권,buy,540000
2026-07-30,307950,유진투자증권,buy,730000
2026-07-30,307950,키움증권,sell,300000
2026-07-30,329180,DS투자증권,buy,900000
2026-07-30,329180,iM증권,buy,860000
2026-07-30,329180,유안타증권,buy,842000
2026-07-30,329180,유진투자증권,buy,1000000
2026-07-30,329180,키움증권,buy,880000
2026-07-30,352820,LS증권,buy,300000
2026-07-30,357780,키움증권,buy,440000
2026-07-30,373220,KB증권,buy,500000
2026-07-30,373220,KB증권,,580000
2026-07-30,375500,KB증권,,97000
2026-07-30,439260,KB증권,buy,72500
2026-07-31,000100,미래에셋증권,buy,145000
2026-07-31,000100,신한투자증권,buy,120000
2026-07-31,000640,미래에셋증권,,
2026-07-31,000660,유진투자증권,buy,3700000
2026-07-31,000720,KB증권,buy,170000
2026-07-31,000720,KB증권,,170000
2026-07-31,000880,미래에셋증권,buy,107000
2026-07-31,001040,미래에셋증권,buy,156000
2026-07-31,001430,iM증권,buy,50000
2026-07-31,001430,상상인증권,buy,62000
2026-07-31,001430,하나증권,buy,62000
2026-07-31,001440,KB증권,buy,34000
2026-07-31,001440,메리츠증권,buy,
2026-07-31,001440,유안타증권,buy,48500
2026-07-31,001440,하나증권,buy,60000
2026-07-31,002350,대신증권,buy,10000
2026-07-31,003100,서울평가정보,,
2026-07-31,003550,미래에셋증권,buy,120000
2026-07-31,003670,DS투자증권,buy,290000
2026-07-31,003670,IBK투자증권,,150000
2026-07-31,003670,IBK투자증권,buy,150000
2026-07-31,003670,대신증권,buy,230000
2026-07-31,003670,메리츠증권,hold,
2026-07-31,003670,신한투자증권,buy,160000
2026-07-31,003670,키움증권,buy,155000
2026-07-31,004000,KB증권,buy,67000
2026-07-31,004000,iM증권,buy,62000
2026-07-31,005490,iM증권,buy,400000
2026-07-31,005490,상상인증권,buy,550000
2026-07-31,005490,키움증권,buy,520000
2026-07-31,005490,하나증권,buy,740000
2026-07-31,005490,한화투자증권,buy,550000
2026-07-31,005930,DS투자증권,buy,530000
2026-07-31,005930,IBK투자증권,buy,460000
2026-07-31,005930,KB증권,buy,600000
2026-07-31,005930,KB증권,,
2026-07-31,005930,교보증권,buy,500000
2026-07-31,005930,대신증권,buy,560000
2026-07-31,005930,신한투자증권,buy,450000
2026-07-31,005930,유진투자증권,buy,560000
2026-07-31,005930,키움증권,buy,390000
2026-07-31,005930,하나증권,buy,480000
2026-07-31,005930,한화투자증권,buy,580000
2026-07-31,006260,미래에셋증권,buy,316000
2026-07-31,006280,KB증권,,200000
2026-07-31,006400,IBK투자증권,buy,800000
2026-07-31,006400,iM증권,buy,590000
2026-07-31,006400,대신증권,buy,690000
2026-07-31,006400,미래에셋증권,buy,1000000
2026-07-31,006400,신한투자증권,buy,620000
2026-07-31,006400,키움증권,buy,670000
2026-07-31,006400,하나증권,buy,667000
2026-07-31,006730,신한투자증권,buy,15000
2026-07-31,009150,DS투자증권,buy,1600000
2026-07-31,009150,IBK투자증권,buy,1750000
2026-07-31,009150,KB증권,buy,3000000
2026-07-31,009150,SK증권,buy,2000000
2026-07-31,009150,iM증권,buy,2000000
2026-07-31,009150,교보증권,buy,3000000
2026-07-31,009150,대신증권,buy,2800000
2026-07-31,009150,메리츠증권,buy,
2026-07-31,009150,신한투자증권,buy,2200000
2026-07-31,009150,유안타증권,buy,2300000
2026-07-31,009150,키움증권,buy,2800000
2026-07-31,009150,하나증권,buy,3000000
2026-07-31,011200,LS증권,buy,30000
2026-07-31,011760,하나증권,buy,38000
2026-07-31,012450,KB증권,buy,1400000
2026-07-31,018260,LS증권,buy,263000
2026-07-31,018260,교보증권,buy,250000
2026-07-31,018260,메리츠증권,buy,
2026-07-31,018260,미래에셋증권,buy,260000
2026-07-31,018260,하나증권,buy,240000
2026-07-31,018880,KB증권,buy,4400
2026-07-31,024110,교보증권,buy,27000
2026-07-31,028260,한화투자증권,buy,520000
2026-07-31,028670,KB증권,hold,5900
2026-07-31,030520,유진투자증권,buy,35000
2026-07-31,032640,대신증권,buy,20000
2026-07-31,034220,IBK투자증권,buy,17000
2026-07-31,037560,KB증권,buy,3100
2026-07-31,039490,LS증권,buy,370000
2026-07-31,039490,SK증권,buy,500000
2026-07-31,039490,iM증권,buy,380000
2026-07-31,039490,교보증권,buy,405000
2026-07-31,039490,대신증권,buy,370000
2026-07-31,039490,신한투자증권,buy,420000
2026-07-31,039490,하나증권,buy,570000
2026-07-31,047050,미래에셋증권,buy,110000
2026-07-31,047050,신한투자증권,buy,82000
2026-07-31,047050,유안타증권,buy,112000
2026-07-31,047050,유진투자증권,buy,80000
2026-07-31,047050,키움증권,buy,80000
2026-07-31,047050,하나증권,buy,105000
2026-07-31,047810,DS투자증권,buy,186000
2026-07-31,051910,KB증권,,470000
2026-07-31,052400,신한투자증권,buy,63000
2026-07-31,054950,유안타증권,,
2026-07-31,064350,키움증권,buy,295000
2026-07-31,064400,KB증권,buy,105000
2026-07-31,064400,KB증권,,105000
2026-07-31,066570,DS투자증권,buy,270000
2026-07-31,066570,IBK투자증권,buy,180000
2026-07-31,066570,SK증권,buy,180000
2026-07-31,066570,대신증권,buy,240000
2026-07-31,066570,메리츠증권,buy,
2026-07-31,066570,신한투자증권,buy,180000
2026-07-31,066570,하나증권,buy,260000
2026-07-31,069620,SK증권,buy,210000
2026-07-31,069620,미래에셋증권,buy,200000
2026-07-31,073240,DS투자증권,buy,9700
2026-07-31,073240,LS증권,buy,7600
2026-07-31,073240,대신증권,buy,9200
2026-07-31,073240,하나증권,buy,8300
2026-07-31,073240,한화투자증권,buy,10000
2026-07-31,090430,KB증권,buy,190000
2026-07-31,090430,LS증권,buy,190000
2026-07-31,090430,SK증권,buy,180000
2026-07-31,090430,교보증권,buy,210000
2026-07-31,090430,신한투자증권,buy,195000
2026-07-31,090430,하나증권,buy,170000
2026-07-31,092730,LS증권,buy,24000
2026-07-31,095700,NICE평가정보,,
2026-07-31,096770,IBK투자증권,buy,200000
2026-07-31,096770,iM증권,buy,190000
2026-07-31,096770,메리츠증권,buy,
2026-07-31,096770,신한투자증권,buy,190000
2026-07-31,096770,유진투자증권,buy,171000
2026-07-31,096770,하나증권,buy,200000
2026-07-31,108670,LS증권,buy,43000
2026-07-31,108670,미래에셋증권,buy,46000
2026-07-31,138930,교보증권,buy,22500
2026-07-31,139130,교보증권,buy,24000
2026-07-31,189300,키움증권,buy,161000
2026-07-31,195870,메리츠증권,buy,
2026-07-31,195870,미래에셋증권,buy,80000
2026-07-31,195940,SK증권,buy,65000
2026-07-31,204320,LS증권,buy,59000
2026-07-31,204320,iM증권,buy,65000
2026-07-31,204320,교보증권,buy,63000
2026-07-31,204320,대신증권,buy,80000
2026-07-31,204320,메리츠증권,buy,
2026-07-31,204320,미래에셋증권,buy,72000
2026-07-31,204320,유진투자증권,buy,75000
2026-07-31,204320,하나증권,buy,69000
2026-07-31,204320,한화투자증권,buy,83000
2026-07-31,214150,신한투자증권,buy,62000
2026-07-31,215570,NICE평가정보,,
2026-07-31,225220,NICE평가정보,,
2026-07-31,250930,서울평가정보,,
2026-07-31,267250,미래에셋증권,buy,245000
2026-07-31,272450,미래에셋증권,buy,7000
2026-07-31,298040,KB증권,,
2026-07-31,298050,iM증권,buy,270000
2026-07-31,302430,서울평가정보,,
2026-07-31,307950,대신증권,buy,580000
2026-07-31,361610,신한투자증권,,14000
2026-07-31,372910,유진투자증권,,
2026-07-31,373220,DS투자증권,buy,600000
2026-07-31,373220,IBK투자증권,buy,560000
2026-07-31,373220,iM증권,buy,550000
2026-07-31,373220,메리츠증권,buy,
2026-07-31,373220,미래에셋증권,buy,510000
2026-07-31,373220,신한투자증권,buy,500000
2026-07-31,373220,유진투자증권,buy,470000
2026-07-31,373220,키움증권,buy,500000
2026-07-31,373220,하나증권,buy,480000
2026-07-31,375500,IBK투자증권,buy,107000
2026-07-31,375500,LS증권,buy,87000
2026-07-31,375500,iM증권,buy,90000
2026-07-31,375500,교보증권,buy,73000
2026-07-31,375500,미래에셋증권,buy,100000
2026-07-31,375500,신한투자증권,buy,90000
2026-07-31,375500,유진투자증권,buy,121000
2026-07-31,375500,키움증권,buy,120000
2026-07-31,375500,하나증권,buy,80000
2026-07-31,375500,한화투자증권,buy,110000
2026-07-31,387570,서울평가정보,,
2026-07-31,420770,iM증권,buy,120000
2026-07-31,439260,메리츠증권,,
2026-07-31,439260,신한투자증권,,
2026-07-31,489790,SK증권,buy,80000
2026-08-03,000100,SK증권,buy,125000
2026-08-03,000150,유진투자증권,buy,2680000
2026-08-03,000210,KB증권,buy,83000
2026-08-03,000210,KB증권,,83000
2026-08-03,000640,iM증권,buy,140000
2026-08-03,000660,SK증권,buy,4000000
2026-08-03,000720,IBK투자증권,buy,160000
2026-08-03,000720,LS증권,buy,175000
2026-08-03,000720,iM증권,buy,150000
2026-08-03,000720,교보증권,buy,180000
2026-08-03,000720,대신증권,buy,168000
2026-08-03,000720,미래에셋증권,buy,175000
2026-08-03,000720,신한투자증권,buy,170000
2026-08-03,000720,유진투자증권,buy,154000
2026-08-03,000720,하나증권,buy,135000
2026-08-03,000720,한화투자증권,buy,200000
2026-08-03,000720,한화투자증권,buy,94600
2026-08-03,001430,신한투자증권,buy,60000
2026-08-03,002230,한국IR협의회,,
2026-08-03,002230,한국IR협의회,투자의견없음,
2026-08-03,003670,하나증권,buy,171000
2026-08-03,004020,KB증권,buy,40000
2026-08-03,005490,신한투자증권,buy,490000
2026-08-03,005930,KB증권,,
2026-08-03,006360,IBK투자증권,buy,45000
2026-08-03,006400,DS투자증권,buy,840000
2026-08-03,008770,IBK투자증권,buy,81000
2026-08-03,008770,교보증권,buy,64000
2026-08-03,008770,대신증권,buy,90000
2026-08-03,008770,신한투자증권,buy,65000
2026-08-03,008770,한화투자증권,buy,75000
2026-08-03,009150,미래에셋증권,buy,2800000
2026-08-03,010950,KB증권,buy,167000
2026-08-03,010950,KB증권,,167000
2026-08-03,011070,유진투자증권,buy,900000
2026-08-03,012450,DS투자증권,buy,1670000
2026-08-03,012450,LS증권,buy,1650000
2026-08-03,012450,SK증권,buy,1600000
2026-08-03,012450,iM증권,buy,1490000
2026-08-03,012450,신한투자증권,buy,1380000
2026-08-03,012450,유안타증권,buy,1480000
2026-08-03,012450,유진투자증권,buy,1860000
2026-08-03,018880,LS증권,buy,4300
2026-08-03,018880,교보증권,buy,5200
2026-08-03,018880,유진투자증권,buy,5250
2026-08-03,018880,하나증권,hold,3900
2026-08-03,018880,한화투자증권,buy,5100
2026-08-03,018880,한화투자증권,buy,51000
2026-08-03,024110,LS증권,hold,24000
2026-08-03,028670,iM증권,buy,8000
2026-08-03,028670,미래에셋증권,buy,8000
2026-08-03,028670,상상인증권,buy,8000
2026-08-03,028670,신한투자증권,buy,8000
2026-08-03,028670,유안타증권,buy,8000
2026-08-03,028670,하나증권,buy,9000
2026-08-03,032350,KB증권,positive,
2026-08-03,034020,iM증권,,
2026-08-03,034730,SK증권,,
2026-08-03,051910,iM증권,buy,370000
2026-08-03,051910,미래에셋증권,buy,440000
2026-08-03,051910,신한투자증권,buy,450000
2026-08-03,051910,유진투자증권,buy,380000
2026-08-03,051910,하나증권,hold,300000
2026-08-03,064400,LS증권,buy,96000
2026-08-03,064400,교보증권,buy,89000
2026-08-03,064400,미래에셋증권,buy,100000
2026-08-03,064400,유진투자증권,buy,111000
2026-08-03,064960,하나증권,buy,40000
2026-08-03,067160,메리츠증권,hold,51000
2026-08-03,068270,SK증권,buy,247823
2026-08-03,068930,KB증권,,
2026-08-03,082740,메리츠증권,buy,100000
2026-08-03,090430,유안타증권,buy,178000
2026-08-03,090430,유진투자증권,buy,170000
2026-08-03,098460,iM증권,buy,39000
2026-08-03,098460,신한투자증권,buy,38000
2026-08-03,103140,iM증권,buy,85000
2026-08-03,103140,상상인증권,buy,90000
2026-08-03,103140,신한투자증권,buy,130000
2026-08-03,103140,하나증권,buy,110000
2026-08-03,103140,한화투자증권,buy,103000
2026-08-03,108670,하나증권,buy,48000
2026-08-03,138930,LS증권,buy,21000
2026-08-03,195940,KB증권,buy,70000
2026-08-03,204320,DS투자증권,buy,81000
2026-08-03,213500,유진투자증권,buy,11000
2026-08-03,226400,SK증권,buy,10300
2026-08-03,247540,DS투자증권,buy,250000
2026-08-03,247540,IBK투자증권,,115000
2026-08-03,247540,IBK투자증권,buy,115000
2026-08-03,247540,iM증권,hold,100000
2026-08-03,247540,신한투자증권,buy,160000
2026-08-03,247540,유진투자증권,buy,200000
2026-08-03,247540,하나증권,buy,154000
2026-08-03,267250,미래에셋증권,buy,280000
2026-08-03,290650,유안타증권,,
2026-08-03,298020,iM증권,buy,530000
2026-08-03,298020,신한투자증권,buy,600000
2026-08-03,298020,하나증권,buy,590000
2026-08-03,298040,IBK투자증권,buy,4100000
2026-08-03,298040,LS증권,buy,4300000
2026-08-03,298040,SK증권,buy,4000000
2026-08-03,298040,교보증권,buy,4100000
2026-08-03,298040,미래에셋증권,buy,5000000
2026-08-03,298040,신한투자증권,buy,3400000
2026-08-03,298040,유안타증권,buy,5000000
2026-08-03,298040,하나증권,buy,4300000
2026-08-03,353200,iM증권,buy,150000
2026-08-03,353200,교보증권,buy,180000
2026-08-03,353200,메리츠증권,buy,170000
2026-08-03,353200,유안타증권,buy,180000
2026-08-03,353200,하나증권,buy,250000
2026-08-03,361610,iM증권,hold,15000
2026-08-03,383220,대신증권,buy,100000
2026-08-03,383220,유진투자증권,buy,100000
2026-08-03,383220,한화투자증권,buy,100000
2026-08-03,439260,유안타증권,buy,141000
2026-08-04,000100,교보증권,buy,130000
2026-08-04,000880,KB증권,,210000
2026-08-04,001120,미래에셋증권,buy,56000
2026-08-04,001120,신한투자증권,buy,66000
2026-08-04,001120,유진투자증권,buy,50000
2026-08-04,001120,하나증권,buy,66000
2026-08-04,004020,iM증권,buy,40000
2026-08-04,004020,대신증권,buy,44600
2026-08-04,004020,미래에셋증권,buy,47000
2026-08-04,004020,신한투자증권,buy,44000
2026-08-04,004020,하나증권,buy,50000
2026-08-04,004020,한화투자증권,buy,43000
2026-08-04,006360,iM증권,buy,35000
2026-08-04,010950,iM증권,buy,170000
2026-08-04,010950,미래에셋증권,buy,150000
2026-08-04,010950,신한투자증권,buy,180000
2026-08-04,010950,유진투자증권,buy,148000
2026-08-04,010950,유진투자증권,,
2026-08-04,010950,하나증권,buy,220000
2026-08-04,011070,KB증권,buy,2000000
2026-08-04,0155E0,KB증권,,
2026-08-04,016360,KB증권,,165000
2026-08-04,018260,KB증권,positive,
2026-08-04,020000,대신증권,buy,30000
2026-08-04,020000,한화투자증권,buy,28000
2026-08-04,028050,iM증권,buy,69000
2026-08-04,028670,LS증권,buy,8700
2026-08-04,035250,KB증권,buy,19000
2026-08-04,047040,KB증권,buy,21000
2026-08-04,047040,KB증권,,20000
2026-08-04,068930,유안타증권,,
2026-08-04,094360,한화투자증권,buy,16800
2026-08-04,100120,LS증권,buy,36000
2026-08-04,100120,유진투자증권,buy,34000
2026-08-04,139130,LS증권,buy,22000
2026-08-04,298040,대신증권,buy,4200000
2026-08-04,298050,신한투자증권,buy,260000
2026-08-04,361610,SK증권,buy,21500
2026-08-04,373220,대신증권,buy,550000
2026-08-04,388210,신한투자증권,buy,120000
2026-08-04,441270,메리츠증권,buy,12000
2026-08-04,472850,유안타증권,,
2026-08-04,499790,KB증권,buy,70000
2026-08-05,000660,현대차증권,buy,3300000
2026-08-05,0015N0,한국IR협의회,,
2026-08-05,003670,SK증권,buy,300000
2026-08-05,004800,대신증권,buy,200000
2026-08-05,005300,KB증권,buy,150000
2026-08-05,005300,KB증권,,160000
2026-08-05,005930,KB증권,,
2026-08-05,005930,현대차증권,buy,440000
2026-08-05,005940,LS증권,hold,32000
2026-08-05,009150,KB증권,positive,
2026-08-05,011790,SK증권,buy,104000
2026-08-05,012750,유안타증권,buy,90000
2026-08-05,016360,KB증권,positive,
2026-08-05,016360,LS증권,hold,115000
2026-08-05,016360,SK증권,buy,158000
2026-08-05,016360,iM증권,buy,130000
2026-08-05,016360,교보증권,buy,155000
2026-08-05,016360,신한투자증권,buy,130000
2026-08-05,016360,하나증권,buy,175000
2026-08-05,016580,LS증권,buy,17000
2026-08-05,017670,KB증권,buy,150000
2026-08-05,017670,KB증권,,150000
2026-08-05,020000,iM증권,buy,25000
2026-08-05,028670,대신증권,buy,8000
2026-08-05,033240,교보증권,,
2026-08-05,035250,유진투자증권,buy,20000
2026-08-05,035250,하나증권,buy,19000
2026-08-05,047040,IBK투자증권,buy,31000
2026-08-05,047040,LS증권,buy,28000
2026-08-05,047040,iM증권,buy,18500
2026-08-05,047040,교보증권,buy,24000
2026-08-05,047040,대신증권,buy,22000
2026-08-05,047040,미래에셋증권,buy,24000
2026-08-05,047040,유진투자증권,buy,24000
2026-08-05,047040,하나증권,buy,20000
2026-08-05,051900,한화투자증권,buy,350000
2026-08-05,052400,IBK투자증권,buy,64000
2026-08-05,064760,KB증권,buy,300000
2026-08-05,064960,LS증권,buy,39000
2026-08-05,071970,대신증권,,
2026-08-05,082740,신한투자증권,buy,53000
2026-08-05,089590,KB증권,hold,4800
2026-08-05,090460,DS투자증권,buy,37000
2026-08-05,090460,KB증권,buy,25000
2026-08-05,090460,iM증권,buy,28000
2026-08-05,090460,교보증권,buy,24000
2026-08-05,095340,IBK투자증권,buy,180000
2026-08-05,096530,한국IR협의회,,
2026-08-05,096530,한국IR협의회,투자의견없음,
2026-08-05,141080,하나증권,buy,220000
2026-08-05,214320,KB증권,buy,23000
2026-08-05,251270,KB증권,buy,49000
2026-08-05,261520,한국IR협의회,,
2026-08-05,261520,한국IR협의회,투자의견없음,
2026-08-05,263860,유진투자증권,,
2026-08-05,278470,KB증권,,530000
2026-08-05,323410,KB증권,buy,31000
2026-08-05,323410,KB증권,,33000
2026-08-05,326030,KB증권,buy,120000
2026-08-05,326030,KB증권,,120000
2026-08-05,373220,대신증권,buy,550000
2026-08-05,376300,DS투자증권,buy,33000
2026-08-05,376300,LS증권,buy,36000
2026-08-05,376300,iM증권,buy,32000
2026-08-05,377300,LS증권,buy,61000
2026-08-05,377300,교보증권,,58000
2026-08-05,377300,신한투자증권,hold,
2026-08-05,453340,IBK투자증권,buy,25000
2026-08-05,499790,IBK투자증권,buy,82000
2026-08-05,499790,하나증권,buy,67000
2026-08-06,000150,키움증권,,
2026-08-06,000500,KB증권,,
2026-08-06,000880,대신증권,buy,163000
2026-08-06,001040,키움증권,buy,220000
2026-08-06,002380,하나증권,buy,730000
2026-08-06,002900,키움증권,,
2026-08-06,003570,SK증권,buy,77000
2026-08-06,003620,키움증권,,
2026-08-06,004020,키움증권,buy,46000
2026-08-06,004380,SK증권,,
2026-08-06,005300,DS투자증권,buy,160000
2026-08-06,005300,교보증권,buy,125000
2026-08-06,005300,신한투자증권,buy,145000
2026-08-06,005300,키움증권,,
2026-08-06,005300,한화투자증권,hold,110000
2026-08-06,005930,KB증권,,
2026-08-06,006730,SK증권,buy,20000
2026-08-06,012210,SK증권,,
2026-08-06,012210,키움증권,,
2026-08-06,012450,키움증권,buy,1580000
2026-08-06,0126Z0,대신증권,buy,560000
2026-08-06,016360,KB증권,buy,150000
2026-08-06,017670,SK증권,buy,120000
2026-08-06,017670,대신증권,buy,110000
2026-08-06,017670,미래에셋증권,buy,120000
2026-08-06,017670,신한투자증권,buy,112000
2026-08-06,017670,유안타증권,buy,118000
2026-08-06,017670,유진투자증권,hold,94000
2026-08-06,017670,하나증권,buy,140000
2026-08-06,018670,iM증권,buy,330000
2026-08-06,018670,하나증권,buy,365000
2026-08-06,018880,키움증권,buy,6500
2026-08-06,032350,SK증권,buy,31000
2026-08-06,032640,KB증권,buy,21000
2026-08-06,032640,KB증권,,21000
2026-08-06,033780,KB증권,,250000
2026-08-06,034230,SK증권,buy,25000
2026-08-06,035250,키움증권,buy,18000
2026-08-06,035420,IBK투자증권,buy,320000
2026-08-06,035720,KB증권,buy,57000
2026-08-06,035720,KB증권,,57000
2026-08-06,035720,미래에셋증권,buy,52000
2026-08-06,035760,KB증권,,74000
2026-08-06,039130,하나증권,buy,53000
2026-08-06,039490,KB증권,buy,470000
2026-08-06,039490,상상인증권,buy,385000
2026-08-06,041510,KB증권,buy,100000
2026-08-06,041510,SK증권,buy,120000
2026-08-06,041510,유안타증권,buy,110000
2026-08-06,041510,유진투자증권,buy,110000
2026-08-06,041510,하나증권,buy,124000
2026-08-06,041830,키움증권,,
2026-08-06,047040,키움증권,buy,23000
2026-08-06,069620,KB증권,buy,210000
2026-08-06,069960,IBK투자증권,buy,168000
2026-08-06,069960,대신증권,buy,220000
2026-08-06,069960,신한투자증권,buy,180000
2026-08-06,069960,키움증권,buy,200000
2026-08-06,069960,하나증권,buy,180000
2026-08-06,069960,한화투자증권,buy,190000
2026-08-06,071050,KB증권,buy,330000
2026-08-06,074600,키움증권,buy,35000
2026-08-06,079550,KB증권,buy,1100000
2026-08-06,088800,SK증권,,
2026-08-06,089590,iM증권,buy,7000
2026-08-06,089860,신한투자증권,buy,47000
2026-08-06,089860,하나증권,buy,44000
2026-08-06,090460,키움증권,buy,24000
2026-08-06,103140,키움증권,buy,130000
2026-08-06,107640,SK증권,,
2026-08-06,125490,SK증권,,
2026-08-06,145020,KB증권,,400000
2026-08-06,196170,신한투자증권,buy,480000
2026-08-06,196170,하나증권,buy,580000
2026-08-06,204610,한국IR협의회,,
2026-08-06,204610,한국IR협의회,투자의견없음,
2026-08-06,214320,메리츠증권,buy,25000
2026-08-06,214320,유진투자증권,buy,26000
2026-08-06,222800,iM증권,buy,185000
2026-08-06,222800,교보증권,buy,180000
2026-08-06,222800,메리츠증권,buy,170000
2026-08-06,222800,키움증권,buy,190000
2026-08-06,222800,하나증권,buy,170000
2026-08-06,229640,SK증권,buy,90000
2026-08-06,229640,신한투자증권,buy,72000
2026-08-06,236200,신한투자증권,buy,74000
2026-08-06,247540,키움증권,buy,123000
2026-08-06,251270,미래에셋증권,buy,50000
2026-08-06,251270,유안타증권,buy,52000
2026-08-06,251270,유진투자증권,buy,55000
2026-08-06,251270,하나증권,buy,50000
2026-08-06,251270,한화투자증권,buy,56000
2026-08-06,253450,KB증권,,48000
2026-08-06,263860,유안타증권,,
2026-08-06,267250,키움증권,buy,400000
2026-08-06,278470,IBK투자증권,buy,550000
2026-08-06,278470,KB증권,buy,530000
2026-08-06,278470,SK증권,buy,560000
2026-08-06,278470,교보증권,buy,550000
2026-08-06,278470,유안타증권,buy,540000
2026-08-06,278470,유진투자증권,buy,530000
2026-08-06,278470,하나증권,buy,510000
2026-08-06,278470,한화투자증권,buy,550000
2026-08-06,286940,유안타증권,buy,30000
2026-08-06,293490,미래에셋증권,hold,9000
2026-08-06,293490,유진투자증권,hold,7600
2026-08-06,293490,한화투자증권,buy,10000
2026-08-06,317400,한화투자증권,buy,10000
2026-08-06,323410,교보증권,buy,32000
2026-08-06,323410,신한투자증권,buy,29000
2026-08-06,323410,하나증권,buy,35000
2026-08-06,323410,한화투자증권,hold,26000
2026-08-06,326030,교보증권,buy,150000
2026-08-06,326030,메리츠증권,buy,140000
2026-08-06,326030,키움증권,buy,120000
2026-08-06,353200,키움증권,buy,240000
2026-08-06,376300,키움증권,buy,30000
2026-08-06,388050,SK증권,,
2026-08-06,416180,SK증권,,
2026-08-06,474170,SK증권,,
2026-08-06,489790,키움증권,buy,100000
2026-08-06,493330,SK증권,,
2026-08-06,499790,키움증권,buy,70000
2026-08-06,900140,SK증권,,
2026-08-07,000500,키움증권,,
2026-08-07,001250,메리츠증권,,
2026-08-07,010130,iM증권,buy,1630000
2026-08-07,010130,신한투자증권,buy,1600000
2026-08-07,011170,KB증권,buy,85000
2026-08-07,011760,신한투자증권,buy,37000
2026-08-07,011780,KB증권,buy,180000
2026-08-07,016360,대신증권,hold,113000
2026-08-07,020150,DS투자증권,buy,74000
2026-08-07,020150,신한투자증권,buy,59000
2026-08-07,020150,유진투자증권,buy,60000
2026-08-07,020150,키움증권,buy,54000
2026-08-07,023530,한화투자증권,buy,200000
2026-08-07,024800,NICE평가정보,,
2026-08-07,028670,하나증권,buy,9000
2026-08-07,032640,SK증권,buy,19000
2026-08-07,032640,대신증권,buy,20000
2026-08-07,032640,미래에셋증권,buy,19000
2026-08-07,032640,신한투자증권,buy,21000
2026-08-07,032640,유안타증권,buy,21000
2026-08-07,032640,유진투자증권,buy,19000
2026-08-07,032640,하나증권,buy,20000
2026-08-07,033780,DS투자증권,buy,250000
2026-08-07,033780,KB증권,buy,250000
2026-08-07,033780,LS증권,buy,230000
2026-08-07,033780,교보증권,buy,250000
2026-08-07,033780,신한투자증권,buy,230000
2026-08-07,033780,유안타증권,buy,250000
2026-08-07,033780,키움증권,buy,250000
2026-08-07,033780,한화투자증권,buy,250000
2026-08-07,035420,KB증권,buy,330000
2026-08-07,035420,KB증권,,330000
2026-08-07,035460,NICE평가정보,,
2026-08-07,035720,교보증권,buy,57000
2026-08-07,035720,메리츠증권,buy,52000
2026-08-07,035720,신한투자증권,buy,61000
2026-08-07,035720,유안타증권,buy,62000
2026-08-07,035720,하나증권,buy,58000
2026-08-07,035720,한화투자증권,buy,62000
2026-08-07,035760,KB증권,buy,60000
2026-08-07,035760,대신증권,buy,56000
2026-08-07,035760,유진투자증권,buy,48000
2026-08-07,035760,키움증권,buy,52000
2026-08-07,035760,하나증권,buy,53000
2026-08-07,035890,NICE평가정보,,
2026-08-07,041830,미래에셋증권,buy,100000
2026-08-07,041830,키움증권,,
2026-08-07,051490,NICE평가정보,,
2026-08-07,051500,IBK투자증권,buy,46000
2026-08-07,051500,키움증권,,
2026-08-07,054450,유진투자증권,buy,20000
2026-08-07,066970,IBK투자증권,buy,130000
2026-08-07,066970,iM증권,buy,120000
2026-08-07,066970,신한투자증권,buy,140000
2026-08-07,066970,키움증권,buy,160000
2026-08-07,069080,신한투자증권,hold,
2026-08-07,071050,LS증권,buy,300000
2026-08-07,071050,SK증권,buy,410000
2026-08-07,071050,iM증권,buy,284000
2026-08-07,071050,교보증권,buy,300000
2026-08-07,071050,대신증권,buy,286000
2026-08-07,071050,신한투자증권,buy,300000
2026-08-07,071050,하나증권,buy,330000
2026-08-07,078860,NICE평가정보,,
2026-08-07,079550,DS투자증권,buy,1250000
2026-08-07,079550,LS증권,buy,1300000
2026-08-07,079550,iM증권,buy,1230000
2026-08-07,079550,신한투자증권,buy,980000
2026-08-07,079550,유안타증권,buy,1050000
2026-08-07,079550,유진투자증권,buy,1200000
2026-08-07,079550,키움증권,buy,1350000
2026-08-07,082210,서울평가정보,,
2026-08-07,083450,IBK투자증권,buy,65000
2026-08-07,089600,유진투자증권,buy,19000
2026-08-07,145020,IBK투자증권,buy,380000
2026-08-07,145020,KB증권,buy,400000
2026-08-07,145020,대신증권,buy,400000
2026-08-07,145020,미래에셋증권,buy,350000
2026-08-07,145020,신한투자증권,buy,410000
2026-08-07,145020,키움증권,buy,430000
2026-08-07,178920,메리츠증권,buy,31000
2026-08-07,189330,SK증권,,
2026-08-07,213420,iM증권,buy,61500
2026-08-07,215000,유진투자증권,buy,70000
2026-08-07,229640,IBK투자증권,buy,76000
2026-08-07,240810,SK증권,buy,190000
2026-08-07,240810,메리츠증권,buy,153000
2026-08-07,251270,신한투자증권,buy,58000
2026-08-07,253450,KB증권,buy,39000
2026-08-07,253450,대신증권,buy,39000
2026-08-07,253450,유진투자증권,buy,31000
2026-08-07,253450,키움증권,buy,41000
2026-08-07,253450,하나증권,buy,37000
2026-08-07,282330,IBK투자증권,buy,190000
2026-08-07,282330,LS증권,buy,200000
2026-08-07,282330,대신증권,buy,200000
2026-08-07,282330,신한투자증권,buy,180000
2026-08-07,282330,키움증권,buy,180000
2026-08-07,282330,하나증권,buy,172000
2026-08-07,282330,한화투자증권,buy,210000
2026-08-07,298540,한국IR협의회,,
2026-08-07,298540,한국IR협의회,투자의견없음,
2026-08-07,323410,대신증권,hold,26000
2026-08-07,326030,미래에셋증권,buy,150000
2026-08-07,458870,미래에셋증권,,
2026-08-07,477850,키움증권,,
2026-08-07,486990,한국IR협의회,,
2026-08-07,486990,한국IR협의회,투자의견없음,
2026-08-10,000720,KB증권,positive,
2026-08-10,003160,신한투자증권,buy,38000
2026-08-10,003670,유안타증권,buy,226000
2026-08-10,004800,대신증권,buy,200000
2026-08-10,005440,SK증권,buy,20000
2026-08-10,005930,KB증권,buy,600000
2026-08-10,006360,KB증권,buy,43000
2026-08-10,007070,교보증권,buy,36000
2026-08-10,007070,대신증권,buy,33000
2026-08-10,007070,신한투자증권,buy,33000
2026-08-10,007070,유진투자증권,buy,37000
2026-08-10,007070,키움증권,buy,35000
2026-08-10,007070,하나증권,buy,35000
2026-08-10,007340,키움증권,buy,59000
2026-08-10,011170,iM증권,buy,100000
2026-08-10,011170,미래에셋증권,hold,63000
2026-08-10,011170,신한투자증권,buy,100000
2026-08-10,011170,유안타증권,buy,134000
2026-08-10,011170,유진투자증권,buy,106000
2026-08-10,011780,iM증권,buy,170000
2026-08-10,011780,미래에셋증권,buy,160000
2026-08-10,011780,신한투자증권,buy,200000
2026-08-10,011780,유진투자증권,buy,177000
2026-08-10,011780,하나증권,buy,180000
2026-08-10,012450,하나증권,buy,1860000
2026-08-10,0126Z0,대신증권,buy,560000
2026-08-10,012750,iM증권,buy,96000
2026-08-10,017670,iM증권,buy,112000
2026-08-10,017960,SK증권,buy,49000
2026-08-10,018260,대신증권,buy,370000
2026-08-10,021240,신한투자증권,buy,115000
2026-08-10,021240,한화투자증권,buy,160000
2026-08-10,022100,대신증권,,
2026-08-10,023530,교보증권,buy,150000
2026-08-10,023530,대신증권,buy,200000
2026-08-10,023530,신한투자증권,buy,165000
2026-08-10,023530,유진투자증권,buy,170000
2026-08-10,023530,키움증권,buy,210000
2026-08-10,032620,KB증권,,
2026-08-10,032640,iM증권,buy,19500
2026-08-10,034230,유진투자증권,buy,17000
2026-08-10,034230,하나증권,buy,18000
2026-08-10,035420,교보증권,buy,390000
2026-08-10,035420,대신증권,buy,320000
2026-08-10,035420,미래에셋증권,buy,280000
2026-08-10,035420,신한투자증권,buy,270000
2026-08-10,035420,유안타증권,buy,290000
2026-08-10,035420,유진투자증권,buy,320000
2026-08-10,035420,하나증권,buy,400000
2026-08-10,035420,한화투자증권,buy,300000
2026-08-10,035720,대신증권,buy,47000
2026-08-10,035720,유진투자증권,buy,58000
2026-08-10,036460,KB증권,buy,44000
2026-08-10,036460,메리츠증권,buy,54000
2026-08-10,036460,신한투자증권,buy,42000
2026-08-10,036460,하나증권,buy,55000
2026-08-10,038500,한국IR협의회,,
2026-08-10,038500,한국IR협의회,투자의견없음,
2026-08-10,041510,키움증권,buy,110000
2026-08-10,044490,iM증권,,
2026-08-10,052690,KB증권,buy,198000
2026-08-10,052690,대신증권,buy,160000
2026-08-10,052690,유진투자증권,buy,200000
2026-08-10,052690,하나증권,buy,220000
2026-08-10,054210,한국IR협의회,,
2026-08-10,054210,한국IR협의회,투자의견없음,
2026-08-10,060250,IBK투자증권,buy,20000
2026-08-10,062040,IBK투자증권,buy,220000
2026-08-10,062040,SK증권,buy,320000
2026-08-10,062040,교보증권,buy,250000
2026-08-10,062040,미래에셋증권,buy,250000
2026-08-10,062040,유안타증권,buy,360000
2026-08-10,064400,대신증권,buy,92000
2026-08-10,069960,교보증권,buy,160000
2026-08-10,079160,대신증권,buy,7000
2026-08-10,079550,SK증권,buy,1300000
2026-08-10,079550,대신증권,buy,990000
2026-08-10,083650,iM증권,,
2026-08-10,092870,iM증권,,
2026-08-10,096530,미래에셋증권,buy,44000
2026-08-10,104830,하나증권,buy,65000
2026-08-10,112610,DS투자증권,buy,81000
2026-08-10,112610,교보증권,buy,77000
2026-08-10,112610,미래에셋증권,buy,74000
2026-08-10,112610,유진투자증권,buy,80000
2026-08-10,112610,키움증권,buy,76000
2026-08-10,112610,하나증권,buy,80000
2026-08-10,120110,KB증권,buy,118000
2026-08-10,120110,신한투자증권,buy,100000
2026-08-10,120110,하나증권,buy,110000
2026-08-10,122870,DS투자증권,buy,60000
2026-08-10,122870,KB증권,buy,60000
2026-08-10,122870,SK증권,buy,63000
2026-08-10,122870,교보증권,buy,60000
2026-08-10,122870,유진투자증권,buy,63000
2026-08-10,122870,키움증권,buy,60000
2026-08-10,122870,하나증권,buy,63000
2026-08-10,145020,교보증권,buy,350000
2026-08-10,196170,대신증권,buy,410000
2026-08-10,214180,유안타증권,,
2026-08-10,214180,유진투자증권,buy,21000
2026-08-10,214450,IBK투자증권,buy,530000
2026-08-10,214450,KB증권,buy,430000
2026-08-10,214450,교보증권,buy,530000
2026-08-10,214450,대신증권,buy,620000
2026-08-10,214450,신한투자증권,buy,510000
2026-08-10,214450,유안타증권,buy,450000
2026-08-10,214450,키움증권,buy,520000
2026-08-10,222040,DS투자증권,buy,12000
2026-08-10,222040,하나증권,,
2026-08-10,234340,신한투자증권,buy,34000
2026-08-10,234340,유진투자증권,buy,30000
2026-08-10,247540,유안타증권,buy,270000
2026-08-10,265520,유안타증권,,
2026-08-10,271560,KB증권,buy,160000
2026-08-10,280360,DS투자증권,buy,170000
2026-08-10,280360,교보증권,buy,175000
2026-08-10,280360,신한투자증권,buy,170000
2026-08-10,280360,유안타증권,buy,165000
2026-08-10,280360,키움증권,buy,170000
2026-08-10,280360,하나증권,buy,200000
2026-08-10,280360,한화투자증권,buy,170000
2026-08-10,298040,대신증권,buy,4200000
2026-08-10,339770,유진투자증권,buy,6300
2026-08-10,365270,신한투자증권,,
2026-08-11,000120,KB증권,buy,110000
2026-08-11,000120,KB증권,,110000
2026-08-11,000660,미래에셋증권,buy,2800000
2026-08-11,002350,키움증권,buy,10500
2026-08-11,005930,미래에셋증권,buy,370000
2026-08-11,006730,한국IR협의회,,
2026-08-11,006730,한국IR협의회,투자의견없음,
2026-08-11,007070,IBK투자증권,buy,35000
2026-08-11,009150,유안타증권,buy,2300000
2026-08-11,009150,하나증권,buy,3000000
2026-08-11,010130,한화투자증권,buy,1593000
2026-08-11,030520,IBK투자증권,buy,33000
2026-08-11,032640,KB증권,buy,21000
2026-08-11,035760,메리츠증권,buy,62000
2026-08-11,036460,유진투자증권,buy,59000
2026-08-11,036570,KB증권,buy,440000
2026-08-11,036570,KB증권,,440000
2026-08-11,039130,KB증권,buy,50000
2026-08-11,041510,iM증권,buy,120000
2026-08-11,051600,KB증권,buy,66000
2026-08-11,051600,LS증권,buy,63000
2026-08-11,051600,대신증권,buy,64000
2026-08-11,051600,신한투자증권,buy,75000
2026-08-11,051600,유진투자증권,buy,55000
2026-08-11,051600,하나증권,buy,68000
2026-08-11,062040,신한투자증권,buy,310000
2026-08-11,071050,키움증권,buy,310000
2026-08-11,071320,iM증권,buy,135000
2026-08-11,071320,유진투자증권,buy,120000
2026-08-11,071320,하나증권,buy,140000
2026-08-11,078930,KB증권,buy,150000
2026-08-11,089860,대신증권,buy,53000
2026-08-11,090460,대신증권,buy,41000
2026-08-11,097950,KB증권,buy,260000
2026-08-11,097950,KB증권,,280000
2026-08-11,122870,LS증권,buy,69000
2026-08-11,128940,KB증권,buy,580000
2026-08-11,144960,한국IR협의회,,
2026-08-11,144960,한국IR협의회,투자의견없음,
2026-08-11,161390,KB증권,buy,84000
2026-08-11,163730,키움증권,,
2026-08-11,181710,KB증권,buy,68000
2026-08-11,181710,KB증권,,68000
2026-08-11,181710,한화투자증권,buy,65000
2026-08-11,195870,신한투자증권,buy,90000
2026-08-11,195870,유안타증권,buy,75000
2026-08-11,214180,신한투자증권,buy,23000
2026-08-11,222800,iM증권,buy,185000
2026-08-11,222800,대신증권,buy,170000
2026-08-11,241710,교보증권,buy,150000
2026-08-11,241710,하나증권,,
2026-08-11,241710,한화투자증권,buy,130000
2026-08-11,251270,IBK투자증권,buy,58000
2026-08-11,253450,메리츠증권,buy,43000
2026-08-11,271560,LS증권,buy,180000
2026-08-11,271560,교보증권,buy,190000
2026-08-11,271560,신한투자증권,buy,160000
2026-08-11,271560,한화투자증권,buy,180000
2026-08-11,272290,신한투자증권,buy,35000
2026-08-11,282330,유진투자증권,buy,210000
2026-08-11,300080,KB증권,,
2026-08-11,326030,하나증권,buy,150000
2026-08-11,353200,유안타증권,buy,180000
2026-08-11,419530,신한투자증권,,
2026-08-12,000120,iM증권,buy,110000
2026-08-12,000120,미래에셋증권,buy,130000
2026-08-12,000120,신한투자증권,buy,110000
2026-08-12,000120,유안타증권,buy,120000
2026-08-12,000120,하나증권,buy,120000
2026-08-12,003540,SK증권,buy,40000
2026-08-12,004170,IBK투자증권,buy,780000
2026-08-12,004170,교보증권,buy,645000
2026-08-12,004170,대신증권,buy,1000000
2026-08-12,004170,신한투자증권,buy,700000
2026-08-12,004170,유진투자증권,buy,680000
2026-08-12,004170,키움증권,buy,780000
2026-08-12,004170,하나증권,buy,600000
2026-08-12,004170,한화투자증권,buy,690000
2026-08-12,005930,KB증권,buy,600000
2026-08-12,006400,하나증권,buy,667000
2026-08-12,006800,KB증권,buy,43000
2026-08-12,007070,삼성증권,buy,35000
2026-08-12,009240,미래에셋증권,buy,51000
2026-08-12,009240,신한투자증권,,45000
2026-08-12,009450,신한투자증권,buy,110000
2026-08-12,014620,신한투자증권,buy,37000
2026-08-12,015760,KB증권,,54000
2026-08-12,017670,삼성증권,buy,115000
2026-08-12,018250,한국IR협의회,,
2026-08-12,018880,DS투자증권,buy,5000
2026-08-12,030200,KB증권,buy,80000
2026-08-12,031430,한화투자증권,buy,22000
2026-08-12,032640,삼성증권,buy,21000
2026-08-12,035760,삼성증권,buy,47000
2026-08-12,036460,삼성증권,buy,50000
2026-08-12,036570,교보증권,buy,375000
2026-08-12,036570,메리츠증권,buy,330000
2026-08-12,036570,미래에셋증권,buy,400000
2026-08-12,036570,신한투자증권,buy,330000
2026-08-12,036570,유안타증권,buy,370000
2026-08-12,036570,유진투자증권,buy,380000
2026-08-12,036570,하나증권,buy,420000
2026-08-12,039200,IBK투자증권,buy,67000
2026-08-12,041510,삼성증권,buy,105000
2026-08-12,043150,대신증권,buy,37000
2026-08-12,043150,유진투자증권,buy,31000
2026-08-12,046890,대신증권,hold,9500
2026-08-12,069960,유진투자증권,buy,190000
2026-08-12,078930,유진투자증권,buy,138000
2026-08-12,088350,KB증권,buy,5700
2026-08-12,097950,신한투자증권,buy,260000
2026-08-12,097950,유안타증권,buy,260000
2026-08-12,097950,키움증권,buy,260000
2026-08-12,097950,하나증권,buy,370000
2026-08-12,097950,한화투자증권,buy,260000
2026-08-12,103140,삼성증권,buy,95000
2026-08-12,103590,미래에셋증권,buy,114000
2026-08-12,103590,유안타증권,buy,125000
2026-08-12,114090,유진투자증권,buy,13000
2026-08-12,114090,하나증권,buy,13000
2026-08-12,161390,DS투자증권,buy,92000
2026-08-12,161390,신한투자증권,buy,79000
2026-08-12,161390,유진투자증권,buy,80000
2026-08-12,161390,하나증권,buy,85000
2026-08-12,161390,한화투자증권,buy,96000
2026-08-12,161890,KB증권,,130000
2026-08-12,161890,한화투자증권,buy,150000
2026-08-12,181710,교보증권,buy,64000
2026-08-12,181710,신한투자증권,buy,63000
2026-08-12,192080,KB증권,buy,88000
2026-08-12,192820,SK증권,buy,290000
2026-08-12,192820,교보증권,buy,310000
2026-08-12,192820,신한투자증권,buy,280000
2026-08-12,192820,유안타증권,buy,273000
2026-08-12,192820,유진투자증권,buy,280000
2026-08-12,192820,하나증권,buy,305000
2026-08-12,192820,한화투자증권,buy,270000
2026-08-12,204270,SK증권,,
2026-08-12,214320,삼성증권,buy,25000
2026-08-12,228850,유진투자증권,buy,7800
2026-08-12,229640,대신증권,buy,62000
2026-08-12,251970,KB증권,buy,74000
2026-08-12,251970,교보증권,,
2026-08-12,251970,유안타증권,,
2026-08-12,251970,하나증권,,
2026-08-12,251970,한화투자증권,buy,78000
2026-08-12,263750,미래에셋증권,sell,30000
2026-08-12,263750,유진투자증권,buy,50000
2026-08-12,282330,삼성증권,buy,185000
2026-08-12,376300,삼성증권,buy,30000
2026-08-12,462870,미래에셋증권,buy,45000
2026-08-12,462870,신한투자증권,buy,41000
2026-08-12,469610,KB증권,,
2026-08-13,000370,iM증권,buy,8000
2026-08-13,000370,교보증권,buy,8300
2026-08-13,000370,신한투자증권,buy,8000
2026-08-13,000370,키움증권,buy,9000
2026-08-13,000370,하나증권,buy,10500
2026-08-13,000810,KB증권,buy,760000
2026-08-13,000810,KB증권,,760000
2026-08-13,000990,KB증권,buy,170000
2026-08-13,003550,KB증권,,180000
2026-08-13,005830,KB증권,buy,210000
2026-08-13,005930,KB증권,,
2026-08-13,006360,유진투자증권,buy,48000
2026-08-13,006800,LS증권,hold,40000
2026-08-13,006800,SK증권,buy,42000
2026-08-13,006800,iM증권,buy,42000
2026-08-13,006800,교보증권,buy,50000
2026-08-13,006800,신한투자증권,buy,50000
2026-08-13,006800,유안타증권,buy,75000
2026-08-13,006800,키움증권,buy,65000
2026-08-13,006800,하나증권,buy,95000
2026-08-13,015760,KB증권,buy,48000
2026-08-13,015760,LS증권,buy,52000
2026-08-13,015760,iM증권,buy,48000
2026-08-13,015760,메리츠증권,buy,57000
2026-08-13,015760,신한투자증권,buy,45000
2026-08-13,015760,유진투자증권,buy,64000
2026-08-13,015760,키움증권,,
2026-08-13,015760,하나증권,buy,45000
2026-08-13,030200,IBK투자증권,buy,75000
2026-08-13,030200,SK증권,buy,72000
2026-08-13,030200,iM증권,buy,70000
2026-08-13,030200,미래에셋증권,buy,73000
2026-08-13,030200,신한투자증권,buy,77000
2026-08-13,030200,유안타증권,buy,73000
2026-08-13,030200,유진투자증권,buy,73000
2026-08-13,030200,하나증권,buy,76000
2026-08-13,031430,유안타증권,,
2026-08-13,032620,한국IR협의회,,
2026-08-13,032830,KB증권,hold,330000
2026-08-13,035900,KB증권,buy,60000
2026-08-13,035900,LS증권,buy,74000
2026-08-13,035900,SK증권,buy,66000
2026-08-13,035900,교보증권,buy,70000
2026-08-13,035900,메리츠증권,buy,65000
2026-08-13,035900,유안타증권,buy,60000
2026-08-13,035900,유진투자증권,buy,65000
2026-08-13,035900,키움증권,buy,60000
2026-08-13,035900,하나증권,buy,58000
2026-08-13,066570,iM증권,buy,250000
2026-08-13,074600,신한투자증권,buy,50000
2026-08-13,078340,신한투자증권,buy,38000
2026-08-13,088350,LS증권,buy,
2026-08-13,088350,iM증권,buy,5900
2026-08-13,088350,교보증권,buy,7000
2026-08-13,088350,메리츠증권,buy,6200
2026-08-13,088350,신한투자증권,buy,6000
2026-08-13,088350,하나증권,buy,7300
2026-08-13,089860,LS증권,buy,51000
2026-08-13,095340,한화투자증권,buy,210000
2026-08-13,095660,신한투자증권,buy,23000
2026-08-13,100090,DS투자증권,buy,19000
2026-08-13,100090,교보증권,buy,25000
2026-08-13,100090,메리츠증권,buy,25000
2026-08-13,100090,미래에셋증권,buy,18000
2026-08-13,100090,유진투자증권,buy,25000
2026-08-13,100090,하나증권,buy,25000
2026-08-13,128940,하나증권,buy,610000
2026-08-13,138040,iM증권,buy,147000
2026-08-13,138040,신한투자증권,buy,142000
2026-08-13,138040,키움증권,buy,170000
2026-08-13,161890,IBK투자증권,buy,180000
2026-08-13,161890,KB증권,buy,180000
2026-08-13,161890,LS증권,buy,200000
2026-08-13,161890,SK증권,buy,170000
2026-08-13,161890,교보증권,buy,170000
2026-08-13,161890,신한투자증권,buy,153000
2026-08-13,161890,유안타증권,buy,160000
2026-08-13,161890,유진투자증권,buy,170000
2026-08-13,161890,하나증권,buy,180000
2026-08-13,192080,신한투자증권,buy,110000
2026-08-13,192080,유안타증권,buy,84000
2026-08-13,192080,유진투자증권,buy,78000
2026-08-13,192080,하나증권,buy,80000
2026-08-13,213420,IBK투자증권,buy,69000
2026-08-13,213420,신한투자증권,buy,55000
2026-08-13,214150,교보증권,buy,62000
2026-08-13,214150,대신증권,buy,60000
2026-08-13,214150,유진투자증권,buy,67000
2026-08-13,214150,키움증권,buy,54000
2026-08-13,252990,LS증권,buy,25000
2026-08-13,263750,신한투자증권,hold,
2026-08-13,293490,키움증권,buy,10000
2026-08-13,383220,KB증권,buy,100000
2026-08-13,417840,SK증권,,
2026-08-14,000080,신한투자증권,buy,22000
2026-08-14,0001A0,한국IR협의회,,
2026-08-14,000660,미래에셋증권,buy,2800000
2026-08-14,000720,IBK투자증권,,
2026-08-14,000810,LS증권,buy,750000
2026-08-14,000810,iM증권,buy,740000
2026-08-14,000810,교보증권,buy,800000
2026-08-14,000810,대신증권,buy,870000
2026-08-14,000810,미래에셋증권,hold,600000
2026-08-14,000810,신한투자증권,buy,850000
2026-08-14,000810,키움증권,buy,750000
2026-08-14,000810,하나증권,buy,785000
2026-08-14,001450,KB증권,buy,65000
2026-08-14,001450,KB증권,,46000
2026-08-14,001450,미래에셋증권,hold,41000
2026-08-14,002350,신한투자증권,buy,10000
2026-08-14,003230,KB증권,buy,1950000
2026-08-14,003550,대신증권,buy,130000
2026-08-14,003550,미래에셋증권,buy,140000
2026-08-14,003550,하나증권,buy,140000
2026-08-14,003550,한화투자증권,buy,140000
2026-08-14,004370,KB증권,buy,590000
2026-08-14,004370,KB증권,,550000
2026-08-14,005430,키움증권,,
2026-08-14,005690,메리츠증권,,
2026-08-14,005830,LS증권,buy,210000
2026-08-14,005830,iM증권,buy,220000
2026-08-14,005830,교보증권,buy,219000
2026-08-14,005830,메리츠증권,buy,220000
2026-08-14,005830,신한투자증권,buy,220000
2026-08-14,005830,키움증권,buy,250000
2026-08-14,005930,KB증권,,
2026-08-14,005930,미래에셋증권,buy,370000
2026-08-14,006400,미래에셋증권,buy,1000000
2026-08-14,006730,KB증권,buy,18000
2026-08-14,009830,KB증권,positive,
2026-08-14,010780,하나증권,buy,30000
2026-08-14,011200,KB증권,hold,21000
2026-08-14,011200,LS증권,buy,30000
2026-08-14,011200,iM증권,hold,23000
2026-08-14,011200,미래에셋증권,buy,26000
2026-08-14,011200,신한투자증권,hold,
2026-08-14,011200,하나증권,hold,21000
2026-08-14,014280,NICE평가정보,,
2026-08-14,014950,NICE평가정보,,
2026-08-14,023160,신한투자증권,buy,40000
2026-08-14,030190,LS증권,buy,20000
2026-08-14,032350,유진투자증권,buy,22000
2026-08-14,032350,하나증권,buy,21000
2026-08-14,032830,LS증권,buy,380000
2026-08-14,032830,iM증권,buy,380000
2026-08-14,032830,교보증권,buy,380000
2026-08-14,032830,대신증권,buy,440000
2026-08-14,032830,신한투자증권,buy,450000
2026-08-14,032830,키움증권,buy,450000
2026-08-14,032830,하나증권,buy,370000
2026-08-14,032830,한화투자증권,hold,336000
2026-08-14,035420,키움증권,buy,320000
2026-08-14,035900,iM증권,buy,60000
2026-08-14,071050,신한투자증권,buy,300000
2026-08-14,079430,IBK투자증권,,
2026-08-14,081660,KB증권,buy,60000
2026-08-14,081660,KB증권,,60000
2026-08-14,093520,LS증권,buy,33000
2026-08-14,095610,SK증권,buy,230000
2026-08-14,095660,유진투자증권,buy,25000
2026-08-14,105630,KB증권,buy,13000
2026-08-14,111770,KB증권,buy,120000
2026-08-14,123330,하나증권,,
2026-08-14,138040,대신증권,hold,140000
2026-08-14,138040,미래에셋증권,buy,161000
2026-08-14,139480,IBK투자증권,buy,100000
2026-08-14,139480,LS증권,buy,115000
2026-08-14,139480,교보증권,buy,110000
2026-08-14,139480,신한투자증권,buy,100000
2026-08-14,139480,키움증권,buy,103000
2026-08-14,139480,하나증권,hold,82000
2026-08-14,139480,한화투자증권,buy,100000
2026-08-14,145720,미래에셋증권,buy,69000
2026-08-14,170920,신한투자증권,buy,64000
2026-08-14,196170,대신증권,buy,410000
2026-08-14,212710,유안타증권,,
2026-08-14,214150,대신증권,buy,60000
2026-08-14,214150,미래에셋증권,buy,64000
2026-08-14,257720,교보증권,buy,63000
2026-08-14,257720,하나증권,buy,59000
2026-08-14,257720,한화투자증권,buy,55000
2026-08-14,355390,서울평가정보,,
2026-08-14,475150,하나증권,buy,66000
2026-08-14,476710,서울평가정보,,
2026-08-14,482630,대신증권,buy,23000
2026-08-14,483650,IBK투자증권,buy,320000
2026-08-14,483650,KB증권,buy,290000
2026-08-14,483650,교보증권,buy,310000
2026-08-14,483650,신한투자증권,buy,310000
2026-08-14,483650,하나증권,,
2026-08-14,483650,한화투자증권,buy,290000
2026-08-18,001040,DS투자증권,buy,310000
2026-08-18,001040,하나증권,buy,200000
2026-08-18,001040,한화투자증권,buy,210000
2026-08-18,001450,LS증권,buy,58000
2026-08-18,001450,iM증권,buy,58000
2026-08-18,001450,교보증권,buy,55000
2026-08-18,001450,신한투자증권,buy,63000
2026-08-18,001450,하나증권,buy,57000
2026-08-18,001740,신한투자증권,buy,9500
2026-08-18,001740,하나증권,buy,10000
2026-08-18,003230,LS증권,buy,1800000
2026-08-18,003230,교보증권,buy,1860000
2026-08-18,003230,신한투자증권,buy,1750000
2026-08-18,003230,유안타증권,buy,2000000
2026-08-18,003230,키움증권,buy,1850000
2026-08-18,003230,한화투자증권,buy,1800000
2026-08-18,003690,iM증권,buy,18000
2026-08-18,004370,LS증권,buy,570000
2026-08-18,004370,신한투자증권,buy,600000
2026-08-18,004370,유안타증권,buy,570000
2026-08-18,004370,키움증권,buy,580000
2026-08-18,004370,하나증권,buy,540000
2026-08-18,004370,한화투자증권,buy,550000
2026-08-18,005180,DS투자증권,buy,120000
2026-08-18,005180,한화투자증권,,
2026-08-18,005850,하나증권,buy,85000
2026-08-18,005880,신한투자증권,buy,3000
2026-08-18,006260,신한투자증권,buy,600000
2026-08-18,006260,한화투자증권,buy,542000
2026-08-18,006730,하나증권,buy,18000
2026-08-18,007340,하나증권,buy,80000
2026-08-18,009240,iM증권,buy,52000
2026-08-18,010280,유진투자증권,,
2026-08-18,023910,LS증권,buy,40000
2026-08-18,031980,신한투자증권,buy,190000
2026-08-18,033500,DS투자증권,buy,38000
2026-08-18,034120,하나증권,buy,18000
2026-08-18,034730,하나증권,buy,770000
2026-08-18,034730,한화투자증권,buy,800000
2026-08-18,035150,신한투자증권,buy,17000
2026-08-18,036460,메리츠증권,buy,54000
2026-08-18,036800,LS증권,buy,40000
2026-08-18,039030,신한투자증권,buy,580000
2026-08-18,039840,iM증권,,
2026-08-18,040420,LS증권,buy,9000
2026-08-18,042520,유안타증권,,
2026-08-18,043370,하나증권,buy,15000
2026-08-18,053580,유진투자증권,buy,10800
2026-08-18,056190,한국IR협의회,,
2026-08-18,058470,LS증권,buy,110000
2026-08-18,064760,신한투자증권,buy,360000
2026-08-18,064960,한화투자증권,buy,43000
2026-08-18,066570,교보증권,buy,350000
2026-08-18,078340,키움증권,buy,47000
2026-08-18,081660,유진투자증권,buy,60000
2026-08-18,081660,한화투자증권,buy,78000
2026-08-18,083650,IBK투자증권,buy,110000
2026-08-18,085620,신한투자증권,hold,
2026-08-18,086390,신한투자증권,buy,15000
2026-08-18,086450,LS증권,buy,30000
2026-08-18,089980,유진투자증권,buy,30000
2026-08-18,092130,LS증권,buy,21000
2026-08-18,093370,유진투자증권,buy,20000
2026-08-18,095570,신한투자증권,buy,6500
2026-08-18,095570,유진투자증권,buy,7000
2026-08-18,097230,DS투자증권,buy,37000
2026-08-18,105630,한화투자증권,buy,12000
2026-08-18,111770,한화투자증권,buy,130000
2026-08-18,120110,유안타증권,buy,96000
2026-08-18,122900,IBK투자증권,buy,13000
2026-08-18,123330,유안타증권,,
2026-08-18,125490,교보증권,buy,16000
2026-08-18,126700,유진투자증권,,
2026-08-18,130580,LS증권,buy,7000
2026-08-18,131290,LS증권,buy,400000
2026-08-18,131290,신한투자증권,buy,400000
2026-08-18,178320,유진투자증권,buy,67500
2026-08-18,189300,유진투자증권,buy,140000
2026-08-18,194700,DS투자증권,buy,25000
2026-08-18,200670,iM증권,,
2026-08-18,214150,유안타증권,buy,50000
2026-08-18,214450,미래에셋증권,buy,600000
2026-08-18,229640,iM증권,buy,57000
2026-08-18,257720,유안타증권,buy,56000
2026-08-18,282880,유진투자증권,buy,16000
2026-08-18,306200,하나증권,buy,200000
2026-08-18,307950,한화투자증권,buy,570000
2026-08-18,319660,신한투자증권,buy,160000
2026-08-18,330860,LS증권,buy,52000
2026-08-18,348210,LS증권,buy,60000
2026-08-18,356860,유안타증권,buy,90000
2026-08-18,356860,키움증권,buy,53000
2026-08-18,394420,SK증권,,
2026-08-18,403870,LS증권,buy,72000
2026-08-18,420770,iM증권,buy,155000
2026-08-18,458870,미래에셋증권,,
2026-08-18,462870,키움증권,buy,65000
2026-08-19,000100,iM증권,buy,140000
2026-08-19,000660,KB증권,buy,4200000
2026-08-19,001040,미래에셋증권,buy,166000
2026-08-19,001450,대신증권,buy,59000
2026-08-19,004490,iM증권,,
2026-08-19,005830,대신증권,buy,200000
2026-08-19,006260,대신증권,buy,630000
2026-08-19,006260,미래에셋증권,buy,452000
2026-08-19,006260,키움증권,buy,500000
2026-08-19,007660,키움증권,buy,190000
2026-08-19,007660,하나증권,buy,180000
2026-08-19,009900,하나증권,,
2026-08-19,012450,KB증권,buy,1400000
2026-08-19,019210,유안타증권,,
2026-08-19,033530,유진투자증권,,
2026-08-19,044490,신한투자증권,,
2026-08-19,049070,한국IR협의회,,
2026-08-19,058610,iM증권,buy,160000
2026-08-19,063570,LS증권,buy,5000
2026-08-19,083650,신한투자증권,buy,110000
2026-08-19,084010,iM증권,buy,9600
2026-08-19,086520,한국IR협의회,,
2026-08-19,091580,유진투자증권,buy,30000
2026-08-19,095610,하나증권,buy,200000
2026-08-19,105630,대신증권,buy,12000
2026-08-19,108380,LS증권,buy,30000
2026-08-19,108490,iM증권,buy,400000
2026-08-19,111770,대신증권,buy,140000
2026-08-19,129920,유안타증권,,
2026-08-19,189300,iM증권,buy,110000
2026-08-19,189300,신한투자증권,buy,101000
2026-08-19,226950,한국IR협의회,,
2026-08-19,232140,신한투자증권,buy,15000
2026-08-19,243840,유진투자증권,buy,10000
2026-08-19,257720,한화투자증권,buy,55000
2026-08-19,277810,iM증권,buy,650000
2026-08-19,340570,키움증권,buy,48000
2026-08-19,405100,KB증권,buy,18500
2026-08-19,417840,한화투자증권,buy,27000
2026-08-19,419530,유진투자증권,buy,35000
2026-08-19,475040,KB증권,,
2026-08-19,475960,키움증권,buy,61000
2026-08-20,000660,하나증권,buy,3600000
2026-08-20,000660,한화투자증권,buy,3150000
2026-08-20,002380,신한투자증권,buy,750000
2026-08-20,005880,하나증권,buy,2500
2026-08-20,005930,KB증권,buy,600000
2026-08-20,006280,iM증권,buy,180000
2026-08-20,006730,IBK투자증권,buy,18000
2026-08-20,009540,KB증권,positive,
2026-08-20,011560,교보증권,,
2026-08-20,013990,한국IR협의회,,
2026-08-20,033640,교보증권,buy,40000
2026-08-20,035420,하나증권,buy,400000
2026-08-20,086900,키움증권,hold,70000
2026-08-20,089860,대신증권,buy,60000
2026-08-20,098460,IBK투자증권,buy,42000
2026-08-20,122450,유진투자증권,,
2026-08-20,131970,교보증권,buy,135000
2026-08-20,138080,하나증권,buy,60000
2026-08-20,139480,대신증권,buy,108000
2026-08-20,171090,IBK투자증권,buy,141000
2026-08-20,178320,iM증권,buy,68000
2026-08-20,212710,KB증권,,
2026-08-20,228850,LS증권,buy,9000
2026-08-20,264450,하나증권,buy,22000
2026-08-20,294570,유진투자증권,,
2026-08-20,458870,신한투자증권,buy,37000
2026-08-21,002380,하나증권,buy,730000
2026-08-21,003550,대신증권,buy,130000
2026-08-21,005930,KB증권,buy,600000
2026-08-21,011930,유안타증권,,
2026-08-21,025540,하나증권,,
2026-08-21,032500,하나증권,buy,70000
2026-08-21,034730,유안타증권,buy,830000
2026-08-21,036800,LS증권,buy,10000
2026-08-21,050760,NICE평가정보,,
2026-08-21,058650,신한투자증권,buy,200000
2026-08-21,060250,신한투자증권,buy,22000
2026-08-21,064290,유안타증권,,
2026-08-21,067280,한국IR협의회,,
2026-08-21,104830,신한투자증권,buy,60000
2026-08-21,200710,신한투자증권,buy,44000
2026-08-21,236200,유안타증권,,
2026-08-21,365340,유진투자증권,buy,51000
2026-08-21,388210,유진투자증권,buy,110000
2026-08-24,000880,대신증권,buy,163000
2026-08-24,001450,하나증권,buy,57000
2026-08-24,001530,유진투자증권,buy,40000
2026-08-24,001820,iM증권,buy,127000
2026-08-24,002320,iM증권,buy,19000
2026-08-24,004000,IBK투자증권,buy,86000
2026-08-24,005930,KB증권,buy,600000
2026-08-24,006400,유진투자증권,투자의견없음,
2026-08-24,007340,하나증권,buy,80000
2026-08-24,009150,메리츠증권,투자의견없음,
2026-08-24,010120,SK증권,buy,310000
2026-08-24,012450,DS투자증권,buy,1830000
2026-08-24,017810,DS투자증권,buy,17000
2026-08-24,028260,SK증권,buy,550000
2026-08-24,032350,키움증권,buy,23000
2026-08-24,032830,한화투자증권,hold,363000
2026-08-24,035720,KB증권,buy,57000
2026-08-24,035720,교보증권,buy,57000
2026-08-24,035720,메리츠증권,hold,37000
2026-08-24,035720,미래에셋증권,buy,52000
2026-08-24,035720,유진투자증권,buy,58000
2026-08-24,035720,키움증권,buy,70000
2026-08-24,035720,하나증권,buy,50000
2026-08-24,035720,한화투자증권,buy,62000
2026-08-24,036570,한화투자증권,buy,350000
2026-08-24,058610,미래에셋증권,buy,129000
2026-08-24,078340,교보증권,buy,47000
2026-08-24,079900,유진투자증권,buy,48000
2026-08-24,079900,유진투자증권,,48000
2026-08-24,083450,메리츠증권,투자의견없음,
2026-08-24,103590,SK증권,buy,124000
2026-08-24,108490,미래에셋증권,buy,356000
2026-08-24,108490,한화투자증권,buy,350000
2026-08-24,120110,IBK투자증권,buy,100000
2026-08-24,139480,교보증권,buy,110000
2026-08-24,185750,미래에셋증권,buy,110000
2026-08-24,196170,신한투자증권,buy,480000
2026-08-24,230240,하나증권,buy,50000
2026-08-24,263720,신한투자증권,buy,12000
2026-08-24,267260,SK증권,buy,900000
2026-08-24,298040,SK증권,buy,4000000
2026-08-24,299030,유진투자증권,,
2026-08-24,377300,키움증권,buy,85000
2026-08-24,389500,미래에셋증권,buy,47000
2026-08-24,452430,유진투자증권,,
2026-08-25,000720,KB증권,positive,
2026-08-25,000880,미래에셋증권,buy,185000
2026-08-25,001450,iM증권,buy,58000
2026-08-25,005830,iM증권,buy,220000
2026-08-25,005940,iM증권,buy,35000
2026-08-25,007660,유안타증권,buy,180000
2026-08-25,009540,유안타증권,buy,532000
2026-08-25,011200,대신증권,buy,29000
2026-08-25,017940,하나증권,buy,145000
2026-08-25,051900,한화투자증권,buy,350000
2026-08-25,051900,한화투자증권,buy,316000
2026-08-25,052690,KB증권,positive,
2026-08-25,077360,한국IR협의회,,
2026-08-25,077360,한국IR협의회,투자의견없음,
2026-08-25,082740,유안타증권,buy,107000
2026-08-25,099320,KB증권,,
2026-08-25,123410,하나증권,,
2026-08-25,128940,DS투자증권,buy,720000
2026-08-25,128940,IBK투자증권,buy,530000
2026-08-25,128940,메리츠증권,buy,710000
2026-08-25,128940,미래에셋증권,buy,730000
2026-08-25,128940,상상인증권,buy,650000
2026-08-25,128940,유안타증권,buy,700000
2026-08-25,128940,키움증권,buy,730000
2026-08-25,128940,하나증권,buy,660000
2026-08-25,140860,신한투자증권,buy,370000
2026-08-25,166090,대신증권,buy,90000
2026-08-25,348210,신한투자증권,buy,40000
2026-08-25,462870,키움증권,buy,65000
2026-08-26,000660,미래에셋증권,buy,2800000
2026-08-26,000720,KB증권,positive,
2026-08-26,003230,하나증권,buy,1800000
2026-08-26,005380,KB증권,buy,900000
2026-08-26,005930,미래에셋증권,buy,370000
2026-08-26,006280,KB증권,buy,200000
2026-08-26,011200,대신증권,buy,29000
2026-08-26,011930,키움증권,buy,27000
2026-08-26,020150,SK증권,buy,60000
2026-08-26,023910,한국IR협의회,,
2026-08-26,023910,한국IR협의회,투자의견없음,
2026-08-26,025540,LS증권,buy,90000
2026-08-26,030520,신한투자증권,buy,25500
2026-08-26,096770,KB증권,buy,180000
2026-08-26,166090,대신증권,buy,90000
2026-08-26,222800,iM증권,buy,185000
2026-08-26,222800,메리츠증권,투자의견없음,
2026-08-26,222800,키움증권,buy,190000
2026-08-26,222800,하나증권,buy,170000
2026-08-26,290740,유진투자증권,,
2026-08-26,293780,한국IR협의회,,
2026-08-26,293780,한국IR협의회,투자의견없음,
2026-08-26,326030,KB증권,buy,120000
2026-08-26,355150,메리츠증권,,
2026-08-26,356860,IBK투자증권,buy,53000
2026-08-26,474650,신한투자증권,,
2026-08-27,001440,KB증권,buy,39000
2026-08-27,005380,LS증권,buy,720000
2026-08-27,005380,iM증권,buy,650000
2026-08-27,005380,대신증권,buy,740000
2026-08-27,005380,미래에셋증권,buy,840000
2026-08-27,005380,키움증권,,
2026-08-27,005380,하나증권,buy,650000
2026-08-27,005380,한화투자증권,buy,760000
2026-08-27,005930,KB증권,buy,600000
2026-08-27,022100,신한투자증권,buy,27000
2026-08-27,032830,LS증권,buy,420000
2026-08-27,041830,IBK투자증권,buy,81000
2026-08-27,042510,유진투자증권,,
2026-08-27,085910,메리츠증권,,
2026-08-27,096770,LS증권,hold,126000
2026-08-27,096770,iM증권,buy,190000
2026-08-27,096770,신한투자증권,buy,190000
2026-08-27,096770,하나증권,buy,200000
2026-08-27,128940,신한투자증권,buy,650000
2026-08-27,172670,메리츠증권,,
2026-08-27,178320,SK증권,buy,55000
2026-08-27,246960,교보증권,,
2026-08-27,278280,키움증권,,
2026-08-27,316140,하나증권,buy,43000
2026-08-27,326030,DS투자증권,buy,155000
2026-08-27,326030,SK증권,buy,160000
2026-08-27,326030,메리츠증권,buy,
2026-08-27,326030,미래에셋증권,buy,160000
2026-08-27,326030,키움증권,,
2026-08-27,326030,하나증권,buy,160000
2026-08-27,490470,신한투자증권,buy,23000
2026-08-28,000150,메리츠증권,투자의견없음,
2026-08-28,0015S0,한국IR협의회,,
2026-08-28,005380,현대차증권,buy,630000
2026-08-28,005930,KB증권,buy,600000
2026-08-28,006260,대신증권,buy,630000
2026-08-28,006360,대신증권,buy,44000
2026-08-28,010950,유안타증권,buy,205000
2026-08-28,017670,KB증권,buy,150000
2026-08-28,017670,미래에셋증권,buy,150000
2026-08-28,018880,신한투자증권,hold,
2026-08-28,069260,IBK투자증권,buy,24000
2026-08-28,104040,서울평가정보,,
2026-08-28,123890,한화투자증권,buy,3700
2026-08-28,137080,서울평가정보,,
2026-08-28,159010,한국IR협의회,,
2026-08-28,159010,한국IR협의회,투자의견없음,
2026-08-28,214150,신한투자증권,buy,62000
2026-08-28,234030,한국IR협의회,,
2026-08-28,234030,한국IR협의회,투자의견없음,
2026-08-28,246960,키움증권,,
2026-08-28,257720,KB증권,buy,65000
2026-08-28,318060,한국IR협의회,,
2026-08-28,318060,한국IR협의회,투자의견없음,
2026-08-28,408920,한국IR협의회,,
2026-08-28,408920,한국IR협의회,투자의견없음,
2026-08-28,469610,서울평가정보,,
2026-08-31,000500,KB증권,buy,290000
2026-08-31,000720,신한투자증권,buy,170000
2026-08-31,004690,하나증권,buy,160000
2026-08-31,005830,KB증권,buy,210000
2026-08-31,005830,LS증권,buy,230000
2026-08-31,005830,신한투자증권,buy,245000
2026-08-31,005830,키움증권,,
2026-08-31,005830,하나증권,buy,243000
2026-08-31,005830,한화투자증권,buy,260000
2026-08-31,006260,대신증권,buy,630000
2026-08-31,006400,KB증권,positive,
2026-08-31,008770,IBK투자증권,buy,81000
2026-08-31,017960,신한투자증권,buy,42000
2026-08-31,026890,한국IR협의회,,
2026-08-31,033500,신한투자증권,buy,29000
2026-08-31,034730,SK증권,buy,800000
2026-08-31,036570,KB증권,positive,
2026-08-31,044450,하나증권,,
2026-08-31,062040,KB증권,buy,300000
2026-08-31,090430,IBK투자증권,buy,200000
2026-08-31,092190,한국IR협의회,,
2026-08-31,092190,한국IR협의회,투자의견없음,
2026-08-31,096770,KB증권,buy,180000
2026-08-31,100840,iM증권,,
2026-08-31,128940,KB증권,positive,
2026-08-31,194480,IBK투자증권,buy,30000
2026-08-31,207940,DS투자증권,buy,1850000
2026-08-31,207940,대신증권,buy,2000000
2026-08-31,207940,키움증권,buy,2000000
2026-08-31,207940,하나증권,buy,2050000
2026-08-31,234340,iM증권,,
2026-08-31,356860,iM증권,,
2026-08-31,US0231351067,KB증권,buy,311
2026-09-01,000720,미래에셋증권,buy,175000
2026-09-01,002380,신한투자증권,buy,750000
2026-09-01,0039P0,SK증권,buy,14500
2026-09-01,005380,KB증권,positive,
2026-09-01,012450,한국투자증권,,
2026-09-01,016360,KB증권,positive,
2026-09-01,017670,하나증권,buy,140000
2026-09-01,030200,하나증권,buy,76000
2026-09-01,032640,하나증권,buy,20000
2026-09-01,034830,한화투자증권,buy,1800
2026-09-01,036540,SK증권,,
2026-09-01,054950,유안타증권,,
2026-09-01,064350,KB증권,buy,225000
2026-09-01,075580,신한투자증권,buy,18500
2026-09-01,082920,IBK투자증권,buy,38000
2026-09-01,089860,대신증권,buy,60000
2026-09-01,090460,대신증권,buy,41000
2026-09-01,090460,미래에셋증권,buy,25000
2026-09-01,096770,iM증권,buy,190000
2026-09-01,122640,유안타증권,,
2026-09-01,137400,미래에셋증권,buy,40000
2026-09-01,298380,DS투자증권,,
2026-09-01,353200,메리츠증권,buy,180000
2026-09-01,357780,신한투자증권,buy,554000
2026-09-01,405100,유안타증권,,
2026-09-01,417840,대신증권,,
2026-09-02,000810,KB증권,positive,
2026-09-02,003230,KB증권,positive,
2026-09-02,009150,IBK투자증권,buy,1750000
2026-09-02,009150,iM증권,buy,2000000
2026-09-02,009150,메리츠증권,투자의견없음,
2026-09-02,027710,한국IR협의회,,
2026-09-02,027710,한국IR협의회,투자의견없음,
2026-09-02,032350,KB증권,buy,23000
2026-09-02,033530,하나증권,,
2026-09-02,034830,신한투자증권,buy,1800
2026-09-02,068760,IBK투자증권,buy,61000
2026-09-02,078340,키움증권,buy,50000
2026-09-02,086790,신한투자증권,buy,160000
2026-09-02,089860,하나증권,buy,57000
2026-09-02,125020,DS투자증권,,
2026-09-02,126340,메리츠증권,투자의견없음,
2026-09-02,192820,유안타증권,buy,363000
2026-09-02,218410,하나증권,buy,150000
2026-09-02,248070,KB증권,buy,22000
2026-09-02,484870,KB증권,buy,32000
2026-09-03,004990,SK증권,buy,33000
2026-09-03,005830,대신증권,buy,250000
2026-09-03,007810,메리츠증권,buy,90000
2026-09-03,009150,대신증권,buy,2800000
2026-09-03,048910,신한투자증권,,
2026-09-03,062040,LS증권,buy,290000
2026-09-03,064760,IBK투자증권,buy,285000
2026-09-03,071280,키움증권,,
2026-09-03,108490,KB증권,,
2026-09-03,166090,SK증권,,
2026-09-03,192820,유안타증권,buy,363000
2026-09-03,192820,한화투자증권,buy,300000
2026-09-03,196170,대신증권,buy,450000
2026-09-03,196170,신한투자증권,buy,540000
2026-09-03,204270,유진투자증권,buy,26000
2026-09-03,336260,DS투자증권,buy,47000
2026-09-03,352480,IBK투자증권,,
2026-09-03,437730,KB증권,,
2026-09-04,005830,대신증권,buy,250000
2026-09-04,005930,KB증권,buy,600000
2026-09-04,016590,NICE평가정보,,
2026-09-04,028670,대신증권,buy,8000
2026-09-04,028670,대신증권,,8000
2026-09-04,032350,KB증권,positive,
2026-09-04,049830,한국IR협의회,,
2026-09-04,067010,NICE평가정보,,
2026-09-04,082920,신한투자증권,buy,45000
2026-09-04,101160,한국IR협의회,,
2026-09-04,114190,서울평가정보,,
2026-09-04,123330,IBK투자증권,,
2026-09-04,148150,메리츠증권,buy,6500
2026-09-04,209640,한국IR협의회,,
2026-09-04,220100,한국IR협의회,,
2026-09-04,265740,한국IR협의회,,
2026-09-04,265740,한국IR협의회,투자의견없음,
2026-09-04,282880,한국IR협의회,,
2026-09-04,286940,한화투자증권,buy,30000
2026-09-04,289930,한국IR협의회,,
2026-09-04,314140,한국IR협의회,,
2026-09-04,373160,한국IR협의회,,
2026-09-04,452450,한국IR협의회,,
2026-09-04,473980,신한투자증권,buy,16500
2026-09-04,476060,한국IR협의회,,
2026-09-04,950140,한국IR협의회,,
2026-09-07,000660,미래에셋증권,buy,3100000
2026-09-07,003160,iM증권,,
2026-09-07,005930,KB증권,,
2026-09-07,005930,미래에셋증권,buy,400000
2026-09-07,006260,대신증권,buy,630000
2026-09-07,017670,대신증권,buy,110000
2026-09-07,031980,DS투자증권,buy,200000
2026-09-07,079160,KB증권,hold,6000
2026-09-07,083450,iM증권,,
2026-09-07,086820,한국IR협의회,,
2026-09-07,086820,한국IR협의회,투자의견없음,
2026-09-07,090430,SK증권,buy,180000
2026-09-07,125490,iM증권,,
2026-09-07,128940,KB증권,positive,
2026-09-07,161890,SK증권,buy,180000
2026-09-07,192820,SK증권,buy,350000
2026-09-07,222040,유안타증권,,
2026-09-07,237880,IBK투자증권,,
2026-09-07,257720,SK증권,buy,62000
2026-09-07,278470,SK증권,buy,560000
2026-09-07,290550,IBK투자증권,buy,25000
2026-09-07,441270,메리츠증권,buy,13000
2026-09-07,475830,미래에셋증권,,
2026-09-08,000810,KB증권,positive,
2026-09-08,000990,KB증권,buy,200000
2026-09-08,0015N0,하나증권,,
2026-09-08,004170,iM증권,buy,680000
2026-09-08,004370,하나증권,buy,540000
2026-09-08,005930,KB증권,,
2026-09-08,015760,LS증권,buy,48000
2026-09-08,023530,키움증권,buy,190000
2026-09-08,035420,IBK투자증권,buy,320000
2026-09-08,036890,신한투자증권,,
2026-09-08,052690,KB증권,positive,
2026-09-08,081660,대신증권,buy,60000
2026-09-08,094480,유안타증권,,
2026-09-08,170790,한국IR협의회,,
2026-09-08,170790,한국IR협의회,투자의견없음,
2026-09-08,196170,하나증권,buy,450000
2026-09-08,204620,SK증권,,
2026-09-08,373220,KB증권,positive,
2026-09-08,472850,KB증권,,
2026-09-09,000490,한국IR협의회,,
2026-09-09,000990,DS투자증권,buy,210000
2026-09-09,003490,미래에셋증권,buy,37000
2026-09-09,005930,KB증권,,
2026-09-09,012630,한화투자증권,buy,34000
2026-09-09,017670,하나증권,buy,140000
2026-09-09,018260,LS증권,buy,307000
2026-09-09,095610,메리츠증권,buy,200000
2026-09-09,119850,IBK투자증권,buy,70000
2026-09-09,126560,한국IR협의회,,
2026-09-09,196170,신한투자증권,buy,520000
2026-09-09,222800,대신증권,buy,170000
2026-09-09,241770,한국IR협의회,,
2026-09-09,241770,한국IR협의회,투자의견없음,
2026-09-09,336260,SK증권,buy,74000
2026-09-09,356860,대신증권,buy,60000
2026-09-09,475830,신한투자증권,,
2026-09-10,005940,유안타증권,buy,35000
2026-09-10,006800,유안타증권,buy,61000
2026-09-10,015760,유안타증권,buy,47000
2026-09-10,016360,유안타증권,buy,155000
2026-09-10,018670,유안타증권,buy,340000
2026-09-10,036460,유안타증권,buy,48000
2026-09-10,039490,유안타증권,buy,470000
2026-09-10,044490,IBK투자증권,buy,45000
2026-09-10,064290,한국IR협의회,,
2026-09-10,068930,한국IR협의회,,
2026-09-10,071050,유안타증권,buy,317000
2026-09-10,079160,DS투자증권,buy,8000
2026-09-10,092870,신한투자증권,,
2026-09-10,095610,IBK투자증권,buy,210000
2026-09-10,128940,KB증권,buy,650000
2026-09-10,138610,한국IR협의회,,
2026-09-10,139480,IBK투자증권,buy,100000
2026-09-10,163730,교보증권,,
2026-09-10,195940,미래에셋증권,buy,56000
2026-09-10,211050,iM증권,,
2026-09-10,228340,한국IR협의회,,
2026-09-10,244920,iM증권,,
2026-09-10,282720,한국IR협의회,,
2026-09-10,297090,한국IR협의회,,
2026-09-10,303810,한국IR협의회,,
2026-09-10,318160,하나증권,,
2026-09-10,327260,신한투자증권,,
2026-09-10,417840,유안타증권,,
2026-09-10,450950,한국IR협의회,,
2026-09-10,453450,한국IR협의회,,
2026-09-10,481070,한국IR협의회,,
2026-09-11,0017J0,DS투자증권,,
2026-09-11,004170,신한투자증권,buy,700000
2026-09-11,005930,KB증권,buy,600000
2026-09-11,006260,LS증권,buy,540000
2026-09-11,006260,SK증권,buy,540000
2026-09-11,031980,하나증권,buy,220000
2026-09-11,033160,한국IR협의회,,
2026-09-11,033160,한국IR협의회,투자의견없음,
2026-09-11,043370,한국IR협의회,,
2026-09-11,052710,IBK투자증권,buy,30000
2026-09-11,052710,IBK투자증권,,30000
2026-09-11,062040,KB증권,buy,300000
2026-09-11,102260,NICE평가정보,,
2026-09-11,112610,DS투자증권,buy,88000
2026-09-11,119610,키움증권,,
2026-09-11,121600,iM증권,buy,80000
2026-09-11,235980,서울평가정보,,
2026-09-11,252990,LS증권,buy,25000
2026-09-11,303030,서울평가정보,,
2026-09-11,329180,LS증권,buy,800000
2026-09-11,329180,iM증권,buy,860000
2026-09-11,329180,상상인증권,투자의견없음,
2026-09-11,329180,신한투자증권,buy,650000
2026-09-11,332570,신한투자증권,,
2026-09-11,482630,유안타증권,,
2026-09-14,007070,대신증권,buy,33000
2026-09-14,010140,KB증권,buy,31000
2026-09-14,018260,대신증권,buy,370000
2026-09-14,037230,한국IR협의회,,
2026-09-14,052690,iM증권,,
2026-09-14,052690,대신증권,buy,160000
2026-09-14,054800,한국IR협의회,,
2026-09-14,064400,KB증권,buy,105000
2026-09-14,073490,대신증권,,
2026-09-14,090430,KB증권,buy,190000
2026-09-14,090430,교보증권,,
2026-09-14,090430,신한투자증권,buy,195000
2026-09-14,090430,유안타증권,buy,178000
2026-09-14,090430,유진투자증권,buy,190000
2026-09-14,090430,하나증권,buy,170000
2026-09-14,090430,한화투자증권,buy,200000
2026-09-14,090460,대신증권,buy,41000
2026-09-14,093520,한국IR협의회,,
2026-09-14,095340,iM증권,,
2026-09-14,105560,하나증권,buy,235000
2026-09-14,189300,대신증권,,
2026-09-14,190510,한국IR협의회,,
2026-09-14,194700,한국IR협의회,,
2026-09-14,196170,대신증권,buy,450000
2026-09-14,271560,DS투자증권,buy,180000
2026-09-14,271560,교보증권,buy,190000
2026-09-14,271560,신한투자증권,buy,160000
2026-09-14,271560,키움증권,buy,155000
2026-09-14,271560,하나증권,buy,220000
2026-09-14,282330,대신증권,buy,200000
2026-09-14,308430,한국IR협의회,,
2026-09-14,317400,iM증권,,
2026-09-14,326030,키움증권,,
2026-09-14,326030,하나증권,buy,160000
2026-09-14,356860,메리츠증권,buy,57000
2026-09-14,375500,유진투자증권,buy,121000
2026-09-14,376270,한국IR협의회,,
2026-09-14,420770,iM증권,buy,155000
2026-09-14,420770,한국IR협의회,,
2026-09-14,435570,한국IR협의회,,
2026-09-14,443060,유안타증권,buy,448000
2026-09-14,451760,대신증권,,
2026-09-14,476040,한국IR협의회,,
2026-09-15,003550,하나증권,buy,140000
2026-09-15,003550,한화투자증권,buy,140000
2026-09-15,006400,미래에셋증권,buy,1000000
2026-09-15,010140,IBK투자증권,buy,37000
2026-09-15,034220,키움증권,buy,11000
2026-09-15,042660,IBK투자증권,buy,120000
2026-09-15,043260,신한투자증권,,
2026-09-15,064400,교보증권,buy,89000
2026-09-15,096770,유안타증권,buy,200000
2026-09-15,140860,메리츠증권,buy,330000
2026-09-15,326030,iM증권,buy,130000
2026-09-15,329180,IBK투자증권,buy,840000
2026-09-15,347700,신한투자증권,,
2026-09-15,373220,미래에셋증권,buy,510000
2026-09-16,000660,KB증권,,
2026-09-16,000720,iM증권,buy,175000
2026-09-16,000880,SK증권,buy,170000
2026-09-16,005380,KB증권,positive,
2026-09-16,005680,LS증권,buy,17000
2026-09-16,014940,한국IR협의회,,
2026-09-16,028050,iM증권,buy,69000
2026-09-16,032500,하나증권,buy,70000
2026-09-16,036030,한국IR협의회,,
2026-09-16,047050,KB증권,buy,83000
2026-09-16,050890,하나증권,buy,30000
2026-09-16,053030,한국IR협의회,,
2026-09-16,053580,한국IR협의회,,
2026-09-16,053980,한국IR협의회,,
2026-09-16,068270,DS투자증권,buy,320000
2026-09-16,073490,하나증권,buy,80000
2026-09-16,079550,iM증권,buy,1230000
2026-09-16,083500,한국IR협의회,,
2026-09-16,086710,교보증권,,
2026-09-16,089600,한국IR협의회,,
2026-09-16,094170,한국IR협의회,,
2026-09-16,096770,iM증권,buy,190000
2026-09-16,098070,한국IR협의회,,
2026-09-16,138080,하나증권,buy,60000
2026-09-16,187790,한국IR협의회,,
2026-09-16,218410,하나증권,buy,150000
2026-09-16,219130,메리츠증권,,
2026-09-16,230240,하나증권,buy,50000
2026-09-16,251970,교보증권,,
2026-09-16,273060,한국IR협의회,,
2026-09-16,287840,한국IR협의회,,
2026-09-16,287840,한국IR협의회,투자의견없음,
2026-09-16,290550,교보증권,,
2026-09-16,308080,한국IR협의회,,
2026-09-16,317870,한국IR협의회,,
2026-09-16,437730,키움증권,,
2026-09-16,464280,한국IR협의회,,
2026-09-16,950170,한국IR협의회,,
2026-09-16,950170,한국IR협의회,투자의견없음,
2026-09-17,005930,KB증권,,
2026-09-17,010140,SK증권,buy,40000
2026-09-17,011780,LS증권,hold,127000
2026-09-17,013030,한국IR협의회,,
2026-09-17,028670,유진투자증권,,
2026-09-17,030000,신한투자증권,buy,21000
2026-09-17,033780,한화투자증권,buy,250000
2026-09-17,034220,대신증권,buy,12000
2026-09-17,035420,대신증권,buy,320000
2026-09-17,047050,신한투자증권,buy,82000
2026-09-17,047050,하나증권,buy,105000
2026-09-17,048910,한국IR협의회,,
2026-09-17,060280,한국IR협의회,,
2026-09-17,068270,대신증권,buy,280000
2026-09-17,078340,KB증권,buy,42000
2026-09-17,082740,SK증권,buy,90000
2026-09-17,083930,한국IR협의회,,
2026-09-17,090850,한국IR협의회,,
2026-09-17,092730,하나증권,,
2026-09-17,095610,한국IR협의회,,
2026-09-17,095610,한국IR협의회,투자의견없음,
2026-09-17,096770,KB증권,positive,
2026-09-17,099750,한국IR협의회,,
2026-09-17,101160,한국IR협의회,,
2026-09-17,136150,한국IR협의회,,
2026-09-17,160980,SK증권,,
2026-09-17,220100,교보증권,,
2026-09-17,226950,교보증권,,
2026-09-17,226950,신한투자증권,,
2026-09-17,251120,한국IR협의회,,
2026-09-17,251120,한국IR협의회,투자의견없음,
2026-09-17,272210,KB증권,buy,85000
2026-09-17,274090,한국IR협의회,,
2026-09-17,310210,유안타증권,buy,450000
2026-09-17,329180,SK증권,buy,970000
2026-09-17,403550,한국IR협의회,,
2026-09-17,443060,SK증권,buy,340000
2026-09-17,462860,한국IR협의회,,
2026-09-17,473980,한국IR협의회,,
2026-09-17,474610,한국IR협의회,,
2026-09-18,000150,DS투자증권,buy,2750000
2026-09-18,000150,메리츠증권,투자의견없음,
2026-09-18,000150,키움증권,,
2026-09-18,001520,유안타증권,,
2026-09-18,003530,한화투자증권,buy,50000
2026-09-18,005930,KB증권,,
2026-09-18,009150,KB증권,buy,3000000
2026-09-18,009150,iM증권,buy,2100000
2026-09-18,018260,미래에셋증권,buy,300000
2026-09-18,028050,iM증권,buy,69000
2026-09-18,035420,미래에셋증권,buy,280000
2026-09-18,036460,한화투자증권,buy,50000
2026-09-18,064400,미래에셋증권,buy,100000
2026-09-18,066970,DS투자증권,buy,350000
2026-09-18,119850,IBK투자증권,buy,70000
2026-09-18,125210,서울평가정보,,
2026-09-18,181710,미래에셋증권,buy,80000
2026-09-18,219420,한국IR협의회,,
2026-09-18,219420,한국IR협의회,투자의견없음,
2026-09-18,238090,서울평가정보,,
2026-09-18,265740,하나증권,,
2026-09-18,286940,IBK투자증권,buy,30000
2026-09-18,403810,서울평가정보,,
2026-09-18,456010,하나증권,buy,60000
2026-09-21,000150,대신증권,,
2026-09-21,000720,KB증권,buy,170000
2026-09-21,000720,유안타증권,buy,205000
2026-09-21,003490,iM증권,buy,40000
2026-09-21,003490,상상인증권,buy,40000
2026-09-21,006360,KB증권,buy,48000
2026-09-21,006360,유안타증권,buy,45000
2026-09-21,006400,iM증권,buy,800000
2026-09-21,008930,iM증권,,
2026-09-21,009240,대신증권,buy,30000
2026-09-21,011070,메리츠증권,buy,1000000
2026-09-21,020000,대신증권,buy,30000
2026-09-21,028050,KB증권,buy,73000
2026-09-21,028050,유안타증권,buy,73000
2026-09-21,028260,유안타증권,buy,510000
2026-09-21,032350,메리츠증권,buy,25000
2026-09-21,033780,KB증권,buy,250000
2026-09-21,033780,신한투자증권,buy,230000
2026-09-21,033780,유안타증권,buy,250000
2026-09-21,033780,키움증권,buy,250000
2026-09-21,034220,iM증권,buy,11500
2026-09-21,035420,메리츠증권,buy,330000
2026-09-21,035720,IBK투자증권,buy,53000
2026-09-21,036540,iM증권,,
2026-09-21,036570,KB증권,buy,440000
2026-09-21,036810,SK증권,,
2026-09-21,047040,유안타증권,buy,24000
2026-09-21,047050,iM증권,buy,90000
2026-09-21,047050,미래에셋증권,,
2026-09-21,064290,iM증권,buy,84000
2026-09-21,125210,유안타증권,,
2026-09-21,145020,유진투자증권,buy,370000
2026-09-21,145020,키움증권,buy,300000
2026-09-21,181710,메리츠증권,buy,80000
2026-09-21,183300,SK증권,buy,40000
2026-09-21,195870,메리츠증권,buy,77000
2026-09-21,196170,IBK투자증권,buy,400000
2026-09-21,212560,한국IR협의회,,
2026-09-21,212560,한국IR협의회,투자의견없음,
2026-09-21,237690,대신증권,buy,170000
2026-09-21,280360,한화투자증권,buy,200000
2026-09-21,294870,유안타증권,buy,34000
2026-09-21,294870,유안타증권,buy,340000
2026-09-21,326030,KB증권,positive,
2026-09-21,373220,iM증권,buy,550000
2026-09-21,375500,유안타증권,buy,108000
2026-09-21,452430,메리츠증권,,
2026-09-22,000720,KB증권,positive,
2026-09-22,005930,KB증권,buy,600000
2026-09-22,005930,대신증권,buy,560000
2026-09-22,006650,유안타증권,buy,180000
2026-09-22,007660,메리츠증권,buy,160000
2026-09-22,007660,신한투자증권,buy,170000
2026-09-22,008830,한국IR협의회,,
2026-09-22,018120,한국IR협의회,,
2026-09-22,020000,대신증권,buy,30000
2026-09-22,020000,한화투자증권,buy,36000
2026-09-22,035900,SK증권,buy,66000
2026-09-22,041020,한국IR협의회,,
2026-09-22,041510,SK증권,buy,120000
2026-09-22,047050,메리츠증권,buy,97000
2026-09-22,051910,LS증권,hold,235000
2026-09-22,088910,한국IR협의회,,
2026-09-22,111710,한국IR협의회,,
2026-09-22,122870,SK증권,buy,63000
2026-09-22,237690,대신증권,buy,170000
2026-09-22,260970,한국IR협의회,,
2026-09-22,352820,SK증권,buy,290000
2026-09-22,403550,한국IR협의회,,
2026-09-22,457190,신한투자증권,,
2026-09-22,458870,IBK투자증권,buy,30000
2026-09-22,459510,한국IR협의회,,
2026-09-23,000270,삼성증권,buy,170000
2026-09-23,001740,삼성증권,buy,7650
2026-09-23,003490,KB증권,buy,42000
2026-09-23,003490,하나증권,buy,41000
2026-09-23,003670,DS투자증권,buy,290000
2026-09-23,005380,삼성증권,buy,500000
2026-09-23,005930,KB증권,,
2026-09-23,005930,유안타증권,buy,630000
2026-09-23,005930,키움증권,buy,350000
2026-09-23,009150,메리츠증권,buy,2200000
2026-09-23,010950,KB증권,positive,
2026-09-23,028260,SK증권,buy,550000
2026-09-23,034020,KB증권,positive,
2026-09-23,041510,삼성증권,buy,105000
2026-09-23,047050,삼성증권,buy,80000
2026-09-23,115440,하나증권,buy,25000
2026-09-23,117730,SK증권,,
2026-09-23,128940,삼성증권,buy,650000
2026-09-23,145020,대신증권,buy,340000
2026-09-23,147760,메리츠증권,,
2026-09-23,181710,삼성증권,buy,92000
2026-09-23,195870,삼성증권,buy,75000
2026-09-23,241710,한국IR협의회,,
2026-09-23,241710,한국IR협의회,투자의견없음,
2026-09-23,251970,한국IR협의회,,
2026-09-23,251970,한국IR협의회,투자의견없음,
2026-09-23,307950,삼성증권,buy,500000
2026-09-23,329180,삼성증권,buy,806000
2026-09-23,340570,하나증권,,
2026-09-23,384470,SK증권,,
2026-09-23,440110,유진투자증권,buy,110000
2026-09-28,000150,하나증권,buy,2420000
2026-09-28,000660,대신증권,buy,3200000
2026-09-28,002800,한국IR협의회,,
2026-09-28,004710,메리츠증권,,
2026-09-28,005850,한화투자증권,buy,89000
2026-09-28,006730,KB증권,positive,
2026-09-28,009420,IBK투자증권,buy,70000
2026-09-28,009420,키움증권,,
2026-09-28,014790,한화투자증권,buy,5500
2026-09-28,038290,대신증권,buy,21000
2026-09-28,048430,한국IR협의회,,
2026-09-28,068270,메리츠증권,buy,300000
2026-09-28,078140,하나증권,,
2026-09-28,101490,한국IR협의회,,
2026-09-28,101490,한국IR협의회,투자의견없음,
2026-09-28,122350,한국IR협의회,,
2026-09-28,129920,유안타증권,,
2026-09-28,145020,신한투자증권,buy,300000
2026-09-28,170030,한국IR협의회,,
2026-09-28,178320,SK증권,buy,70000
2026-09-28,217730,한국IR협의회,,
2026-09-28,220260,유안타증권,,
2026-09-28,237690,대신증권,buy,170000
2026-09-28,241560,KB증권,buy,80000
2026-09-28,241710,유안타증권,buy,150000
2026-09-28,251970,유안타증권,buy,80000
2026-09-28,252990,메리츠증권,,
2026-09-28,310210,현대차증권,buy,230000
2026-09-28,353200,iM증권,buy,190000
2026-09-28,388210,IBK투자증권,buy,115000
2026-09-28,403870,대신증권,buy,71000
2026-09-28,468530,한국IR협의회,,
2026-09-28,900140,SK증권,buy,2000
2026-09-29,000270,신한투자증권,buy,195000
2026-09-29,003490,유안타증권,buy,40000
2026-09-29,005930,KB증권,positive,
2026-09-29,005930,유진투자증권,buy,560000
2026-09-29,009150,IBK투자증권,buy,1750000
2026-09-29,009150,iM증권,buy,2100000
2026-09-29,009150,대신증권,buy,2800000
2026-09-29,009150,메리츠증권,투자의견없음,
2026-09-29,009150,미래에셋증권,buy,2800000
2026-09-29,009150,키움증권,buy,2800000
2026-09-29,009150,하나증권,buy,3000000
2026-09-29,009540,미래에셋증권,buy,470000
2026-09-29,010140,미래에셋증권,buy,33000
2026-09-29,011070,DS투자증권,buy,1300000
2026-09-29,011070,대신증권,buy,920000
2026-09-29,018290,하나증권,,
2026-09-29,020000,iM증권,buy,28000
2026-09-29,042660,미래에셋증권,buy,128000
2026-09-29,051900,KB증권,buy,330000
2026-09-29,051900,교보증권,,310000
2026-09-29,064760,KB증권,buy,360000
2026-09-29,064960,하나증권,buy,44000
2026-09-29,066570,대신증권,buy,270000
2026-09-29,071970,미래에셋증권,buy,85000
2026-09-29,082740,미래에셋증권,buy,85000
2026-09-29,086280,대신증권,buy,320000
2026-09-29,090430,교보증권,buy,210000
2026-09-29,114090,KB증권,hold,10000
2026-09-29,161890,유안타증권,buy,185000
2026-09-29,329180,미래에셋증권,buy,800000
2026-09-29,439260,미래에셋증권,buy,75000
2026-09-29,443060,미래에셋증권,buy,360000
2026-09-30,000080,KB증권,buy,22000
2026-09-30,000210,KB증권,positive,
2026-09-30,000500,대신증권,buy,360000
2026-09-30,000660,신한투자증권,buy,2700000
2026-09-30,001120,신한투자증권,buy,66000
2026-09-30,001120,하나증권,buy,66000
2026-09-30,005610,신한투자증권,,
2026-09-30,005610,유안타증권,,
2026-09-30,005930,KB증권,buy,600000
2026-09-30,005930,신한투자증권,buy,450000
2026-09-30,009240,KB증권,hold,45000
2026-09-30,017670,하나증권,buy,140000
2026-09-30,018290,KB증권,buy,18000
2026-09-30,028050,미래에셋증권,buy,72000
2026-09-30,030200,하나증권,buy,76000
2026-09-30,032640,하나증권,buy,20000
2026-09-30,033640,한국IR협의회,,
2026-09-30,036640,한국IR협의회,,
2026-09-30,042520,한국IR협의회,,
2026-09-30,042520,한국IR협의회,투자의견없음,
2026-09-30,042660,KB증권,buy,110000
2026-09-30,053450,한국IR협의회,,
2026-09-30,060720,키움증권,buy,15000
2026-09-30,079550,미래에셋증권,buy,1120000
2026-09-30,079940,한국IR협의회,,
2026-09-30,081150,한국IR협의회,,
2026-09-30,088260,KB증권,buy,5000
2026-09-30,091580,한국IR협의회,,
2026-09-30,136410,한국IR협의회,,
2026-09-30,140860,SK증권,buy,390000
2026-09-30,214150,한국IR협의회,,
2026-09-30,214150,한국IR협의회,투자의견없음,
2026-09-30,214320,DS투자증권,buy,28000
2026-09-30,255440,한국IR협의회,,
2026-09-30,267250,LS증권,buy,321000
2026-09-30,311320,한국IR협의회,,
2026-09-30,332370,한국IR협의회,,
2026-09-30,352820,KB증권,positive,
2026-09-30,402340,SK증권,buy,1850000
2026-09-30,420770,메리츠증권,buy,200000
2026-09-30,443670,한국IR협의회,,
2026-09-30,482630,한국IR협의회,,
2026-10-01,000150,메리츠증권,buy,2400000
2026-10-01,005490,신한투자증권,buy,490000
2026-10-01,005610,DS투자증권,,
2026-10-01,005930,KB증권,buy,600000
2026-10-01,005930,하나증권,buy,480000
2026-10-01,012330,KB증권,buy,900000
2026-10-01,012330,대신증권,buy,580000
2026-10-01,012450,미래에셋증권,buy,1550000
2026-10-01,016360,KB증권,positive,
2026-10-01,028670,하나증권,buy,9000
2026-10-01,030000,DS투자증권,buy,25000
2026-10-01,035420,LS증권,buy,293000
2026-10-01,036570,KB증권,buy,440000
2026-10-01,041920,한국IR협의회,,
2026-10-01,041920,한국IR협의회,투자의견없음,
2026-10-01,043610,신한투자증권,buy,1600
2026-10-01,047050,하나증권,buy,105000
2026-10-01,047810,미래에셋증권,buy,186000
2026-10-01,056190,IBK투자증권,buy,39000
2026-10-01,061090,하나증권,buy,80000
2026-10-01,064350,미래에셋증권,buy,167000
2026-10-01,086450,LS증권,buy,30000
2026-10-01,093320,신한투자증권,,
2026-10-01,097520,키움증권,buy,30000
2026-10-01,131290,한국IR협의회,,
2026-10-01,131290,한국IR협의회,투자의견없음,
2026-10-01,251270,하나증권,buy,50000
2026-10-02,003230,교보증권,buy,1860000
2026-10-02,003490,신한투자증권,buy,38000
2026-10-02,005610,한화투자증권,,
2026-10-02,005930,IBK투자증권,buy,460000
2026-10-02,005930,KB증권,,
2026-10-02,028050,키움증권,buy,73000
2026-10-02,028050,하나증권,buy,67000
2026-10-02,035420,KB증권,buy,330000
2026-10-02,035420,하나증권,buy,400000
2026-10-02,035420,한화투자증권,buy,300000
2026-10-02,035420,한화투자증권,buy,30000
2026-10-02,064290,메리츠증권,buy,95000
2026-10-02,066570,신한투자증권,buy,290000
2026-10-02,086450,IBK투자증권,buy,30000
2026-10-02,097950,하나증권,buy,370000
2026-10-02,100120,한국IR협의회,,
2026-10-02,100120,한국IR협의회,투자의견없음,
2026-10-02,105560,iM증권,buy,205000
2026-10-02,122870,상상인증권,buy,63000
2026-10-02,171120,서울평가정보,,
2026-10-02,192080,유진투자증권,buy,78000
2026-10-02,251270,메리츠증권,buy,54000
2026-10-02,258790,한국IR협의회,,
2026-10-02,258790,한국IR협의회,투자의견없음,
2026-10-02,456010,하나증권,buy,60000
2026-10-02,462870,메리츠증권,hold,35000
2026-10-06,000660,미래에셋증권,buy,3100000
2026-10-06,004020,상상인증권,buy,43000
2026-10-06,004020,하나증권,buy,50000
2026-10-06,004020,한화투자증권,buy,43000
2026-10-06,005090,하나증권,buy,76000
2026-10-06,005300,KB증권,buy,140000
2026-10-06,005300,교보증권,buy,125000
2026-10-06,005490,상상인증권,buy,550000
2026-10-06,005490,하나증권,buy,740000
2026-10-06,005930,SK증권,buy,610000
2026-10-06,005930,교보증권,buy,500000
2026-10-06,005930,미래에셋증권,buy,400000
2026-10-06,011070,키움증권,buy,1100000
2026-10-06,028050,한화투자증권,buy,70000
2026-10-06,030000,한화투자증권,buy,24000
2026-10-06,033160,iM증권,,
2026-10-06,033780,하나증권,buy,240000
2026-10-06,034220,신한투자증권,buy,13000
2026-10-06,035420,교보증권,buy,390000
2026-10-06,035720,한화투자증권,buy,54000
2026-10-06,036570,KB증권,buy,440000
2026-10-06,036570,유진투자증권,buy,380000
2026-10-06,051600,신한투자증권,buy,75000
2026-10-06,051910,메리츠증권,hold,370000
2026-10-06,055550,KB증권,buy,140000
2026-10-06,058470,DS투자증권,buy,100000
2026-10-06,064350,DS투자증권,buy,226000
2026-10-06,066570,메리츠증권,buy,250000
2026-10-06,069960,유안타증권,buy,120000
2026-10-06,077360,메리츠증권,,
2026-10-06,086280,LS증권,buy,320000
2026-10-06,090430,LS증권,buy,190000
2026-10-06,096770,LS증권,buy,187000
2026-10-06,097950,교보증권,buy,270000
2026-10-06,122870,iM증권,buy,60000
2026-10-06,129920,키움증권,,
2026-10-06,131970,iM증권,,
2026-10-06,140860,iM증권,,
2026-10-06,161890,KB증권,buy,180000
2026-10-06,204270,SK증권,,
2026-10-06,207940,SK증권,buy,2000000
2026-10-06,207940,대신증권,buy,2000000
2026-10-06,207940,유안타증권,buy,2000000
2026-10-06,207940,하나증권,buy,1950000
2026-10-06,222800,iM증권,buy,250000
2026-10-06,241710,교보증권,buy,150000
2026-10-06,251270,유진투자증권,buy,55000
2026-10-06,259960,교보증권,buy,370000
2026-10-06,272210,유안타증권,buy,136000
2026-10-06,323410,KB증권,buy,29000
2026-10-06,403870,KB증권,buy,85000
2026-10-07,000270,한국투자증권,,
2026-10-07,000500,유안타증권,,
2026-10-07,000660,IBK투자증권,buy,4000000
2026-10-07,001440,유안타증권,buy,48500
2026-10-07,002350,한국투자증권,,
2026-10-07,004020,KB증권,buy,40000
2026-10-07,004170,교보증권,buy,645000
2026-10-07,004170,한화투자증권,buy,630000
2026-10-07,004370,KB증권,buy,590000
2026-10-07,005380,한국투자증권,,
2026-10-07,0053F0,KB증권,,
2026-10-07,005490,KB증권,buy,430000
2026-10-07,005930,KB증권,buy,600000
2026-10-07,005930,메리츠증권,buy,500000
2026-10-07,005930,한화투자증권,buy,580000
2026-10-07,005940,하나증권,buy,39000
2026-10-07,006730,신한투자증권,buy,15000
2026-10-07,006800,하나증권,buy,67000
2026-10-07,009150,DS투자증권,buy,2600000
2026-10-07,009150,미래에셋증권,buy,2800000
2026-10-07,010120,유안타증권,buy,300000
2026-10-07,010120,하나증권,buy,270000
2026-10-07,010140,IBK투자증권,buy,37000
2026-10-07,010140,다올투자증권,buy,41000
2026-10-07,011070,미래에셋증권,buy,1100000
2026-10-07,011210,한국투자증권,,
2026-10-07,012330,메리츠증권,buy,750000
2026-10-07,012330,한국투자증권,,
2026-10-07,016360,하나증권,buy,168000
2026-10-07,017670,미래에셋증권,buy,150000
2026-10-07,018260,LS증권,buy,307000
2026-10-07,018880,한국투자증권,,
2026-10-07,023530,한화투자증권,buy,200000
2026-10-07,024110,SK증권,buy,26000
2026-10-07,033780,KB증권,buy,250000
2026-10-07,035420,유진투자증권,buy,320000
2026-10-07,035760,대신증권,buy,50000
2026-10-07,036570,메리츠증권,buy,330000
2026-10-07,047050,KB증권,buy,83000
2026-10-07,055550,NH투자증권,buy,139000
2026-10-07,055550,SK증권,buy,134000
2026-10-07,058470,SK증권,buy,115000
2026-10-07,062040,유안타증권,buy,360000
2026-10-07,064350,유안타증권,buy,150000
2026-10-07,064960,한국투자증권,,
2026-10-07,066570,KB증권,buy,260000
2026-10-07,069960,교보증권,buy,160000
2026-10-07,069960,한화투자증권,buy,160000
2026-10-07,073240,한국투자증권,,
2026-10-07,079550,KB증권,buy,1000000
2026-10-07,086280,NH투자증권,buy,319000
2026-10-07,086790,KB증권,buy,170000
2026-10-07,086790,SK증권,buy,167000
2026-10-07,103140,KB증권,buy,112000
2026-10-07,103590,미래에셋증권,buy,114000
2026-10-07,103590,유안타증권,buy,125000
2026-10-07,105560,SK증권,buy,213000
2026-10-07,111770,대신증권,buy,125000
2026-10-07,125490,KB증권,,
2026-10-07,139480,한화투자증권,buy,100000
2026-10-07,161390,한국투자증권,,
2026-10-07,161890,NH투자증권,buy,170000
2026-10-07,192820,NH투자증권,buy,370000
2026-10-07,192820,SK증권,buy,370000
2026-10-07,192820,교보증권,buy,410000
2026-10-07,192820,다올투자증권,buy,350000
2026-10-07,192820,메리츠증권,buy,360000
2026-10-07,192820,신한투자증권,buy,350000
2026-10-07,192820,유안타증권,buy,363000
2026-10-07,192820,하나증권,buy,380000
2026-10-07,204320,한국투자증권,,
2026-10-07,207940,IBK투자증권,buy,2000000
2026-10-07,207940,대신증권,buy,2000000
2026-10-07,251970,IBK투자증권,buy,80000
2026-10-07,253450,대신증권,buy,35000
2026-10-07,259960,KB증권,buy,300000
2026-10-07,263750,메리츠증권,buy,81000
2026-10-07,267260,대신증권,buy,1020000
2026-10-07,267260,유안타증권,buy,1165000
2026-10-07,267260,하나증권,buy,1150000
2026-10-07,280360,KB증권,buy,180000
2026-10-07,298040,유안타증권,buy,5000000
2026-10-07,298040,하나증권,buy,4300000
2026-10-07,307950,한국투자증권,,
2026-10-07,316140,KB증권,buy,43000
2026-10-07,316140,SK증권,buy,43000
2026-10-07,329180,NH투자증권,buy,700000
2026-10-07,353200,다올투자증권,buy,230000
2026-10-07,356860,대신증권,buy,60000
2026-10-07,375500,미래에셋증권,buy,100000
2026-10-07,375500,하나증권,buy,90000
2026-10-07,381620,한국IR협의회,,
2026-10-07,381620,한국IR협의회,투자의견없음,
2026-10-08,000100,다올투자증권,buy,120000
2026-10-08,000270,한화투자증권,buy,260000
2026-10-08,000660,유진투자증권,buy,3700000
2026-10-08,004170,NH투자증권,,600000
2026-10-08,004370,하나증권,buy,540000
2026-10-08,005380,한화투자증권,buy,670000
2026-10-08,005440,SK증권,buy,20000
2026-10-08,005930,KB증권,buy,600000
2026-10-08,006360,미래에셋증권,buy,49000
2026-10-08,006360,키움증권,buy,43000
2026-10-08,006360,하나증권,buy,46000
2026-10-08,006400,DS투자증권,buy,940000
2026-10-08,007070,한화투자증권,buy,32000
2026-10-08,007660,유안타증권,buy,180000
2026-10-08,008770,한화투자증권,buy,51000
2026-10-08,009150,유안타증권,buy,2300000
2026-10-08,010120,미래에셋증권,buy,280000
2026-10-08,010130,메리츠증권,,
2026-10-08,011070,유안타증권,buy,1200000
2026-10-08,012330,하나증권,buy,580000
2026-10-08,018260,한화투자증권,buy,300000
2026-10-08,018290,한국IR협의회,,
2026-10-08,018880,LS증권,buy,4800
2026-10-08,020150,DS투자증권,buy,74000
2026-10-08,028050,대신증권,buy,71000
2026-10-08,028670,유안타증권,buy,8500
2026-10-08,033780,교보증권,buy,250000
2026-10-08,034220,SK증권,buy,12500
2026-10-08,035420,메리츠증권,buy,330000
2026-10-08,036570,NH투자증권,buy,320000
2026-10-08,047040,LS증권,buy,28000
2026-10-08,047810,유안타증권,buy,182000
2026-10-08,051500,하나증권,buy,48000
2026-10-08,051900,다올투자증권,hold,240000
2026-10-08,055550,하나증권,buy,135000
2026-10-08,066570,SK증권,buy,180000
2026-10-08,066570,iM증권,buy,250000
2026-10-08,066570,다올투자증권,buy,270000
2026-10-08,066570,대신증권,buy,270000
2026-10-08,066570,메리츠증권,,
2026-10-08,066570,유안타증권,buy,280000
2026-10-08,066570,키움증권,,
2026-10-08,066570,하나증권,buy,260000
2026-10-08,071970,다올투자증권,buy,104000
2026-10-08,078140,한국IR협의회,,
2026-10-08,086280,iM증권,buy,325000
2026-10-08,086280,상상인증권,buy,320000
2026-10-08,090430,SK증권,buy,180000
2026-10-08,092870,대신증권,buy,68000
2026-10-08,096530,다올투자증권,buy,52000
2026-10-08,096770,신한투자증권,buy,240000
2026-10-08,128940,iM증권,buy,650000
2026-10-08,139480,한국투자증권,buy,115000
2026-10-08,181710,한화투자증권,buy,87000
2026-10-08,192820,LS증권,buy,400000
2026-10-08,195870,유안타증권,buy,80000
2026-10-08,204320,메리츠증권,buy,61000
2026-10-08,207940,교보증권,buy,1900000
2026-10-08,232140,대신증권,buy,23000
2026-10-08,240810,신한투자증권,buy,165000
2026-10-08,251970,다올투자증권,buy,86000
2026-10-08,257720,NH투자증권,buy,58000
2026-10-08,259960,NH투자증권,buy,310000
2026-10-08,282330,한화투자증권,buy,190000
2026-10-08,298040,대신증권,buy,4000000
2026-10-08,352820,유안타증권,buy,265000
2026-10-08,353200,유안타증권,buy,200000
2026-10-08,356860,유안타증권,buy,90000
2026-10-08,373220,KB증권,buy,500000
2026-10-08,373220,NH투자증권,buy,550000
2026-10-08,373220,신한투자증권,buy,500000
2026-10-08,375500,LS증권,buy,87000
2026-10-08,375500,대신증권,buy,93000
2026-10-08,375500,키움증권,buy,120000
2026-10-08,375500,한화투자증권,buy,110000
2026-10-08,394800,iM증권,,
2026-10-08,448280,한국IR협의회,,
2026-10-08,468530,iM증권,,
